celula,algoritmo,total_gco2,gco2_por_vm,gco2_por_mips,vms_alocadas,demanda_admitida_mips
az-anticorr-alta,best_fit,52885.46138647304,5.548088921902829,0.0024563701905540285,9532.7,21530158.751255885
az-anticorr-alta,bfd,53243.60252195083,5.623678217633486,0.002403253076684768,9468.233333333334,22154857.75019734
az-anticorr-alta,cnemesis,48664.035258951255,5.0597502492951305,0.0022581954186612534,9618.2,21550345.09498872
az-anticorr-alta,ffd,52891.73254178553,5.575941566671485,0.002387430784758384,9486.1,22154319.382619847
az-anticorr-alta,first_fit,52847.748235157225,5.527484004195766,0.0024546736857574995,9561.233333333334,21529659.217165787
az-anticorr-alta,follow_renewables,43230.60697632542,4.465406157224717,0.0019934781301509043,9681.8,21687728.842735574
az-anticorr-alta,followme_s,48475.96910911208,5.060075304234317,0.0022523258780406514,9580.566666666668,21522956.25985279
az-anticorr-alta,lowest_carbon_dc,48892.10513126449,5.119163764896822,0.0022701490829005935,9551.366666666667,21537227.0707687
az-anticorr-alta,round_robin,57961.67689287794,6.0109039208623285,0.0027044334296329716,9643.0,21432764.624057535
az-anticorr-alta,worst_fit,55226.00865260796,5.7206516090397175,0.0026675333872531186,9654.066666666668,20703411.736081444
az-anticorr-alta,wsnb,49022.96746482879,5.126876970482043,0.0022755630122322157,9562.433333333332,21543450.251253612
az-em2021-alta,best_fit,66652.50168051374,6.978520701468241,0.0030933364264263538,9551.9,21547579.135879997
az-em2021-alta,bfd,67012.57307437257,7.068014825325866,0.0030260084760546442,9481.7,22145606.188059226
az-em2021-alta,cnemesis,63395.46690723869,6.5858306102762665,0.0029396291707947594,9626.5,21566723.091295175
az-em2021-alta,ffd,66199.04302152156,6.9816892664889085,0.0029902564514213787,9482.2,22138302.221412867
az-em2021-alta,first_fit,66082.94384648207,6.907876599441691,0.003068216531229145,9566.7,21538242.26237391
az-em2021-alta,follow_renewables,62180.41628277019,6.467599712789729,0.0028873162365069234,9614.5,21536173.608330276
az-em2021-alta,followme_s,63077.6971575442,6.573234123814437,0.002928354194983844,9596.6,21540680.347323567
az-em2021-alta,lowest_carbon_dc,63576.3220419753,6.646894831903488,0.002949125053442191,9565.6,21558138.897303157
az-em2021-alta,round_robin,73577.13628258526,7.629635288933175,0.0034301173565580733,9643.9,21451405.03907772
az-em2021-alta,worst_fit,69622.98436789928,7.208979386026388,0.0033643641767968856,9658.1,20694683.47372235
az-em2021-alta,wsnb,63625.65940085014,6.659787195160145,0.0029548007920641764,9554.1,21533302.09632909
az-flat-alta,best_fit,68571.89107494985,7.193726106356292,0.0031849620167562166,9532.7,21530158.751255885
az-flat-alta,bfd,68907.45120168896,7.2781142927300335,0.0031102732551873567,9468.233333333334,22154857.75019734
az-flat-alta,cnemesis,67487.50304957581,7.058896151137891,0.003135534186727318,9561.033333333333,21523668.959884975
az-flat-alta,ffd,68649.26532476116,7.237146863439718,0.003098696090056964,9486.1,22154319.382619847
az-flat-alta,first_fit,68530.71157282995,7.167810872623745,0.003183118364586658,9561.233333333334,21529659.217165787
az-flat-alta,follow_renewables,68593.86753662648,7.181711025795121,0.0031849422502357675,9551.7,21537182.14581237
az-flat-alta,followme_s,68180.92568415968,7.117709517979653,0.0031674188871201,9579.5,21525967.21909251
az-flat-alta,lowest_carbon_dc,68593.86753662648,7.181711025795121,0.0031849422502357675,9551.7,21537182.14581237
az-flat-alta,round_robin,75715.00973119844,7.852004069861277,0.0035327807846882,9643.0,21432764.624057535
az-flat-alta,worst_fit,71609.03241624888,7.417706349548014,0.0034588652126451023,9654.066666666668,20703411.736081444
az-flat-alta,wsnb,68593.86753662648,7.181711025795121,0.0031849422502357675,9551.7,21537182.14581237
az-realjan-alta,best_fit,64861.45340098077,6.804478691810062,0.003012624296203635,9532.7,21530158.751255885
az-realjan-alta,bfd,65153.78477414805,6.88165212808884,0.00294084377032819,9468.233333333334,22154857.75019734
az-realjan-alta,cnemesis,60405.75283766491,6.286074564195469,0.002803263007966186,9609.833333333334,21548663.6186924
az-realjan-alta,ffd,63479.19592045094,6.6921302289373354,0.0028653291721215082,9486.1,22154319.382619847
az-realjan-alta,first_fit,63529.90441490204,6.644784160763318,0.0029508417111805785,9561.233333333334,21529659.217165787
az-realjan-alta,follow_renewables,57076.9476750579,5.926657044314643,0.0026467015695780527,9631.166666666666,21566411.515121628
az-realjan-alta,followme_s,60041.752243196446,6.2672231754538155,0.002789230225237685,9580.766666666666,21526606.89840189
az-realjan-alta,lowest_carbon_dc,60512.66914617041,6.336210961942851,0.0028098812772809484,9550.866666666667,21535934.806477677
az-realjan-alta,round_robin,73079.97289238227,7.578739180767316,0.0034098325437012826,9643.0,21432764.624057535
az-realjan-alta,worst_fit,68673.78171325829,7.113654964868557,0.0033170844187232983,9654.066666666668,20703411.736081444
az-realjan-alta,wsnb,60543.64884915357,6.341682953701674,0.0028115069749189052,9547.433333333332,21534457.50428888
az-realjun-alta,best_fit,64861.45340098077,6.804478691810062,0.003012624296203635,9532.7,21530158.751255885
az-realjun-alta,bfd,65153.78477414805,6.88165212808884,0.00294084377032819,9468.233333333334,22154857.75019734
az-realjun-alta,cnemesis,60405.75283766491,6.286074564195469,0.002803263007966186,9609.833333333334,21548663.6186924
az-realjun-alta,ffd,63479.19592045094,6.6921302289373354,0.0028653291721215082,9486.1,22154319.382619847
az-realjun-alta,first_fit,63529.90441490204,6.644784160763318,0.0029508417111805785,9561.233333333334,21529659.217165787
az-realjun-alta,follow_renewables,57076.9476750579,5.926657044314643,0.0026467015695780527,9631.166666666666,21566411.515121628
az-realjun-alta,followme_s,60041.752243196446,6.2672231754538155,0.002789230225237685,9580.766666666666,21526606.89840189
az-realjun-alta,lowest_carbon_dc,60512.66914617041,6.336210961942851,0.0028098812772809484,9550.866666666667,21535934.806477677
az-realjun-alta,round_robin,73079.97289238227,7.578739180767316,0.0034098325437012826,9643.0,21432764.624057535
az-realjun-alta,worst_fit,68673.78171325829,7.113654964868557,0.0033170844187232983,9654.066666666668,20703411.736081444
az-realjun-alta,wsnb,60543.64884915357,6.341682953701674,0.0028115069749189052,9547.433333333332,21534457.50428888
geo3-go-realjun-folgada,best_fit,11924.162788317131,5.962081394158566,0.0010830201239900878,2000.0,11010102.697248
geo3-go-realjun-folgada,bfd,11732.433464412637,5.866216732206318,0.0010656061788910638,2000.0,11010102.697248
geo3-go-realjun-folgada,cnemesis,10265.70900696545,5.136194453079375,0.0009520140214653698,1998.7,10789102.697248
geo3-go-realjun-folgada,ffd,10103.05715423254,5.051528577116271,0.0009176169770657835,2000.0,11010102.697248
geo3-go-realjun-folgada,first_fit,10740.380254273405,5.386613147430182,0.001077227470570748,1993.9,9973102.697248
geo3-go-realjun-folgada,follow_renewables,9982.22137157376,4.994891151941128,0.0009289898403135723,1998.5,10755102.697248
geo3-go-realjun-folgada,followme_s,9456.964127946268,4.7420095091411465,0.000942392247004619,1994.3,10041102.697248
geo3-go-realjun-folgada,lowest_carbon_dc,9955.352406286847,4.9921301354459855,0.0009935360845240025,1994.2,10024102.697248
geo3-go-realjun-folgada,round_robin,16633.472267788227,8.399046221985028,0.0021670068883504817,1980.4,7678102.697248
geo3-go-realjun-folgada,worst_fit,10898.796527141109,5.546740998450022,0.0020521416587780013,1964.9,5310966.0736697
geo3-go-realjun-folgada,wsnb,9992.698882892044,5.011131838279317,0.000999034312749224,1994.1,10007102.697248
go-anticorr-alta,best_fit,53244.65186275858,6.007391815639155,0.0010314211281066093,8863.766666666666,51647460.9358219
go-anticorr-alta,bfd,52886.475490582015,6.396750986357565,0.0009898559210157662,8268.833333333334,53453785.50609926
go-anticorr-alta,cnemesis,49468.41697669573,5.573227090227653,0.001059029772206017,8876.2,46725853.45392214
go-anticorr-alta,ffd,53529.10303269381,6.224523072919159,0.0010314952751858302,8600.866666666667,51920907.36530137
go-anticorr-alta,first_fit,53240.17579991489,6.135193774014587,0.0012568027054350541,8678.233333333334,42377860.23769663
go-anticorr-alta,follow_renewables,48403.98367250452,5.440584957437655,0.0010226525210122006,8896.933333333332,47346399.30940684
go-anticorr-alta,followme_s,49068.3008220736,5.62106450605853,0.001126234232493122,8729.666666666666,43582678.4875828
go-anticorr-alta,lowest_carbon_dc,49593.39706885511,5.688890885623277,0.0011473394539875175,8717.933333333332,43239436.75030807
go-anticorr-alta,round_robin,59104.692391576915,6.646800711292856,0.001438243209592439,8892.2,41097775.91424227
go-anticorr-alta,worst_fit,52957.179601844444,6.06926990983309,0.0017926879434081611,8725.466666666667,29542354.0751048
go-anticorr-alta,wsnb,49864.16133655355,5.7006180627825636,0.0011309064680680564,8747.433333333332,44111001.44969893
go-anticorr-folgada,best_fit,10387.594983271469,5.193797491635735,0.0009434603172110166,2000.0,11010102.697248
go-anticorr-folgada,bfd,10472.460964216323,5.236230482108161,0.0009511683271432099,2000.0,11010102.697248
go-anticorr-folgada,cnemesis,4064.6642563337623,2.032332128166881,0.0003691758712977068,2000.0,11010102.697248
go-anticorr-folgada,ffd,5403.808846682578,2.701904423341289,0.0004908045815079701,2000.0,11010102.697248
go-anticorr-folgada,first_fit,7655.634372674404,3.827817186337202,0.0006953281529869787,2000.0,11010102.697248
go-anticorr-folgada,follow_renewables,4186.0340808452775,2.0930170404226387,0.00038019936743111267,2000.0,11010102.697248
go-anticorr-folgada,followme_s,3874.626033853885,1.9373130169269426,0.000351915521625639,2000.0,11010102.697248
go-anticorr-folgada,lowest_carbon_dc,4186.0340808452775,2.0930170404226387,0.00038019936743111267,2000.0,11010102.697248
go-anticorr-folgada,round_robin,49753.3042345804,24.925808999614574,0.004816816065422514,1996.0666666666666,10341436.030581333
go-anticorr-folgada,worst_fit,24225.979685715563,12.26776996597806,0.0035934680181609934,1974.7666666666667,6742306.8365777675
go-anticorr-folgada,wsnb,5907.074916949786,2.9535374584748926,0.0005365140616196316,2000.0,11010102.697248
go-em2021-alta,best_fit,66713.29079875423,7.5251078088286745,0.0012919654604835065,8865.6,51654126.5490309
go-em2021-alta,bfd,66535.26072266676,8.051460193858532,0.0012479627669992836,8264.9,53335161.233955905
go-em2021-alta,cnemesis,63572.187532289405,7.1641181551632895,0.0013693906810288605,8873.8,46430651.9924811
go-em2021-alta,ffd,66090.08696891842,7.700312301908591,0.0012778634234283798,8583.4,51734572.5474169
go-em2021-alta,first_fit,65903.52365654455,7.595857826958597,0.001560875637745756,8676.6,42231545.9603391
go-em2021-alta,follow_renewables,63004.18113071793,7.168501076299764,0.0014069490365019146,8789.2,44791296.881640896
go-em2021-alta,followme_s,63088.84400354681,7.234966336204605,0.001453681997474485,8720.2,43413083.972837195
go-em2021-alta,lowest_carbon_dc,63715.576552982,7.322728748989138,0.0014822250379086328,8701.3,42997320.9228388
go-em2021-alta,round_robin,75187.76838250467,8.455283847147843,0.0018283573069366944,8892.4,41125509.267609596
go-em2021-alta,worst_fit,66470.57860555725,7.617718053850917,0.0022482127920658576,8725.8,29568321.4511681
go-em2021-alta,wsnb,63736.34234686378,7.3174480123486845,0.0014781866462052697,8710.4,43127245.8059371
go-em2021-folgada,best_fit,19625.85427799187,9.812927138995935,0.0017825314456782857,2000.0,11010102.697248
go-em2021-folgada,bfd,19074.442037197103,9.537221018598553,0.0017324490571704481,2000.0,11010102.697248
go-em2021-folgada,cnemesis,5464.121466442981,2.7320607332214903,0.0004962825158577993,2000.0,11010102.697248
go-em2021-folgada,ffd,19389.842760781816,9.694921380390907,0.001761095540519195,2000.0,11010102.697248
go-em2021-folgada,first_fit,20186.36693924517,10.093183469622584,0.001833440386009369,2000.0,11010102.697248
go-em2021-folgada,follow_renewables,5173.635682606496,2.586817841303248,0.00046989894870823107,2000.0,11010102.697248
go-em2021-folgada,followme_s,5319.61032575063,2.659805162875315,0.0004831571940814211,2000.0,11010102.697248
go-em2021-folgada,lowest_carbon_dc,5580.890473066696,2.790445236533348,0.0005068881396048787,2000.0,11010102.697248
go-em2021-folgada,round_robin,62559.04514415459,31.346999024180292,0.00609369738424932,1995.7,10279102.697248
go-em2021-folgada,worst_fit,31035.943367264787,15.715198293079562,0.004589744636151129,1974.9,6762335.3523139
go-em2021-folgada,wsnb,6530.731541758696,3.265365770879348,0.0005931580950095104,2000.0,11010102.697248
go-flat-alta,best_fit,68791.34783345669,7.761464977783161,0.001332573682350312,8863.766666666666,51647460.9358219
go-flat-alta,bfd,68553.62309649143,8.291815953936876,0.0012830861078487652,8268.833333333334,53453785.50609926
go-flat-alta,cnemesis,68494.18953511515,7.855411922948948,0.0015808200957187412,8719.666666666666,43343087.179433994
go-flat-alta,ffd,68679.98494979854,7.9862997204682555,0.001323408985304152,8600.866666666667,51920907.36530137
go-flat-alta,first_fit,68505.67857755687,7.894312862233091,0.0016171586416102981,8678.233333333334,42377860.23769663
go-flat-alta,follow_renewables,68548.19813475944,7.866296703825863,0.0015883948931818162,8714.433333333332,43170073.6489027
go-flat-alta,followme_s,68229.8756643016,7.818715079666668,0.0015679939245446433,8726.733333333334,43529817.040666334
go-flat-alta,lowest_carbon_dc,68548.19813475944,7.866296703825863,0.0015883948931818162,8714.433333333332,43170073.6489027
go-flat-alta,round_robin,77321.86087244897,8.695469586120542,0.0018815438399567986,8892.2,41097775.91424227
go-flat-alta,worst_fit,68630.2254767651,7.865515452767241,0.0023232566726199425,8725.466666666667,29542354.0751048
go-flat-alta,wsnb,68548.19813475944,7.866296703825863,0.0015883948931818162,8714.433333333332,43170073.6489027
go-flat-folgada,best_fit,19455.563317323384,9.72778165866169,0.0017670646543729645,2000.0,11010102.697248
go-flat-folgada,bfd,18941.171608221444,9.470585804110723,0.001720344680613727,2000.0,11010102.697248
go-flat-folgada,cnemesis,18843.162630404877,9.421581315202438,0.0017114429491302354,2000.0,11010102.697248
go-flat-folgada,ffd,17507.922769883888,8.753961384941942,0.0015901688886389798,2000.0,11010102.697248
go-flat-folgada,first_fit,18976.947385505613,9.488473692752807,0.0017235940397040022,2000.0,11010102.697248
go-flat-folgada,follow_renewables,18989.90299547732,9.494951497738661,0.00172477074171378,2000.0,11010102.697248
go-flat-folgada,followme_s,18439.90344144264,9.219951720721319,0.0016748166614332974,2000.0,11010102.697248
go-flat-folgada,lowest_carbon_dc,18989.90299547732,9.494951497738661,0.00172477074171378,2000.0,11010102.697248
go-flat-folgada,round_robin,64954.77415735194,32.54151283246539,0.006288225397263146,1996.0666666666666,10341436.030581333
go-flat-folgada,worst_fit,32004.019769684888,16.206485047700497,0.004747207305343912,1974.7666666666667,6742306.8365777675
go-flat-folgada,wsnb,18989.90299547732,9.494951497738661,0.00172477074171378,2000.0,11010102.697248
go-realjan-alta,best_fit,64420.19474526608,7.268272366402456,0.0012478984315514457,8863.766666666666,51647460.9358219
go-realjan-alta,bfd,64359.93756079308,7.784598629449723,0.0012046010147706092,8268.833333333334,53453785.50609926
go-realjan-alta,cnemesis,60858.381907628354,6.861309340573665,0.0013102153665488984,8870.0,46469388.78216704
go-realjan-alta,ffd,63457.34108661603,7.378965911774633,0.0012227498257307225,8600.866666666667,51920907.36530137
go-realjan-alta,first_fit,63280.36251955381,7.292163978189992,0.0014938057045535958,8678.233333333334,42377860.23769663
go-realjan-alta,follow_renewables,59832.83513141543,6.748714225989182,0.0012918457959547088,8866.066666666668,46335749.750089265
go-realjan-alta,followme_s,60319.53925047605,6.906586032124975,0.0013816913947202164,8734.1,43674905.87902184
go-realjan-alta,lowest_carbon_dc,61011.31702684961,6.998438584572776,0.0014106278874399167,8718.266666666666,43268508.4630121
go-realjan-alta,round_robin,74632.70405146663,8.39305194353563,0.0018161047395261218,8892.2,41097775.91424227
go-realjan-alta,worst_fit,65541.58847940256,7.511540101758402,0.0022187183185119305,8725.466666666667,29542354.0751048
go-realjan-alta,wsnb,61017.5828091941,6.994673519834068,0.0014015284870185264,8723.8,43555746.11505333
go-realjan-folgada,best_fit,14195.119453827007,7.097559726913503,0.0012892812941131882,2000.0,11010102.697248
go-realjan-folgada,bfd,13734.262990560612,6.867131495280305,0.00124742369514805,2000.0,11010102.697248
go-realjan-folgada,cnemesis,4130.321273487502,2.065160636743751,0.00037513921414374145,2000.0,11010102.697248
go-realjan-folgada,ffd,11821.547658019803,5.910773829009901,0.0010737000356022678,2000.0,11010102.697248
go-realjan-folgada,first_fit,12627.762696195277,6.313881348097639,0.0011469250599589426,2000.0,11010102.697248
go-realjan-folgada,follow_renewables,4205.889181749452,2.1029445908747264,0.000382002720356162,2000.0,11010102.697248
go-realjan-folgada,followme_s,4020.4837679297407,2.0102418839648704,0.0003651631486538876,2000.0,11010102.697248
go-realjan-folgada,lowest_carbon_dc,4205.889181749452,2.1029445908747264,0.000382002720356162,2000.0,11010102.697248
go-realjan-folgada,round_robin,61148.64730069583,30.634611185936425,0.005919227684721095,1996.0666666666666,10341436.030581333
go-realjan-folgada,worst_fit,30775.24040818661,15.584245379666092,0.004564950162951361,1974.7666666666667,6742306.8365777675
go-realjan-folgada,wsnb,6246.018812803176,3.123009406401588,0.0005672988694614431,2000.0,11010102.697248
go-realjun-alta,best_fit,64420.19474526608,7.268272366402456,0.0012478984315514457,8863.766666666666,51647460.9358219
go-realjun-alta,bfd,64359.93756079308,7.784598629449723,0.0012046010147706092,8268.833333333334,53453785.50609926
go-realjun-alta,cnemesis,60858.381907628354,6.861309340573665,0.0013102153665488984,8870.0,46469388.78216704
go-realjun-alta,ffd,63457.34108661603,7.378965911774633,0.0012227498257307225,8600.866666666667,51920907.36530137
go-realjun-alta,first_fit,63280.36251955381,7.292163978189992,0.0014938057045535958,8678.233333333334,42377860.23769663
go-realjun-alta,follow_renewables,59832.83513141543,6.748714225989182,0.0012918457959547088,8866.066666666668,46335749.750089265
go-realjun-alta,followme_s,60319.53925047605,6.906586032124975,0.0013816913947202164,8734.1,43674905.87902184
go-realjun-alta,lowest_carbon_dc,61011.31702684961,6.998438584572776,0.0014106278874399167,8718.266666666666,43268508.4630121
go-realjun-alta,round_robin,74632.70405146663,8.39305194353563,0.0018161047395261218,8892.2,41097775.91424227
go-realjun-alta,worst_fit,65541.58847940256,7.511540101758402,0.0022187183185119305,8725.466666666667,29542354.0751048
go-realjun-alta,wsnb,61017.5828091941,6.994673519834068,0.0014015284870185264,8723.8,43555746.11505333
go-realjun-folgada,best_fit,14195.119453827007,7.097559726913503,0.0012892812941131882,2000.0,11010102.697248
go-realjun-folgada,bfd,13734.262990560612,6.867131495280305,0.00124742369514805,2000.0,11010102.697248
go-realjun-folgada,cnemesis,4130.321273487502,2.065160636743751,0.00037513921414374145,2000.0,11010102.697248
go-realjun-folgada,ffd,11821.547658019803,5.910773829009901,0.0010737000356022678,2000.0,11010102.697248
go-realjun-folgada,first_fit,12627.762696195277,6.313881348097639,0.0011469250599589426,2000.0,11010102.697248
go-realjun-folgada,follow_renewables,4205.889181749452,2.1029445908747264,0.000382002720356162,2000.0,11010102.697248
go-realjun-folgada,followme_s,4020.4837679297407,2.0102418839648704,0.0003651631486538876,2000.0,11010102.697248
go-realjun-folgada,lowest_carbon_dc,4205.889181749452,2.1029445908747264,0.000382002720356162,2000.0,11010102.697248
go-realjun-folgada,round_robin,61148.64730069583,30.634611185936425,0.005919227684721095,1996.0666666666666,10341436.030581333
go-realjun-folgada,worst_fit,30775.24040818661,15.584245379666092,0.004564950162951361,1974.7666666666667,6742306.8365777675
go-realjun-folgada,wsnb,6246.018812803176,3.123009406401588,0.0005672988694614431,2000.0,11010102.697248
net100-az-realjun-alta,best_fit,64815.76100362529,6.7862087514169644,0.003008090124959519,9551.9,21547579.135879997
net100-az-realjun-alta,bfd,65171.80039849167,6.873880850503451,0.0029428878469372668,9481.7,22145606.188059226
net100-az-realjun-alta,cnemesis,60477.51324078724,6.287710008953953,0.0028052024339390415,9618.8,21559497.729285914
net100-az-realjun-alta,ffd,63494.373978736345,6.69645334248234,0.002868085555065284,9482.2,22138302.221412867
net100-az-realjun-alta,first_fit,63480.53819090723,6.635850468213869,0.002947386683303385,9566.7,21538242.26237391
net100-az-realjun-alta,follow_renewables,60435.14621469865,6.270962926272075,0.0028015059451397457,9637.8,21573264.78014552
net100-az-realjun-alta,followme_s,60406.54506386982,6.302282301686647,0.0028020736968802085,9585.6,21558234.585972548
net100-az-realjun-alta,lowest_carbon_dc,60493.57727157542,6.324680993825259,0.0028062403286216015,9565.5,21557248.057859052
net100-az-realjun-alta,round_robin,73041.76603369354,7.574126264201645,0.0034051631553817774,9643.9,21451405.03907772
net100-az-realjun-alta,worst_fit,68706.41515787633,7.11407454278869,0.0033200709305068097,9658.1,20694683.47372235
net100-az-realjun-alta,wsnb,60501.99195909781,6.322146619064327,0.002807398735652725,9570.4,21551218.548282824
net100-go-realjun-folgada,best_fit,14153.726312625507,7.076863156312754,0.001285521734158144,2000.0,11010102.697248
net100-go-realjun-folgada,bfd,13745.818308752656,6.872909154376328,0.001248473214712925,2000.0,11010102.697248
net100-go-realjun-folgada,cnemesis,4120.808194978862,2.060404097489431,0.0003742751823748989,2000.0,11010102.697248
net100-go-realjun-folgada,ffd,11826.976639004086,5.913488319502042,0.0010741931264601433,2000.0,11010102.697248
net100-go-realjun-folgada,first_fit,12752.560193345289,6.376280096672644,0.0011582598767705245,2000.0,11010102.697248
net100-go-realjun-folgada,follow_renewables,4198.909841656189,2.099454920828095,0.0003813688170870301,2000.0,11010102.697248
net100-go-realjun-folgada,followme_s,4063.1794412365307,2.0315897206182654,0.0003690410119655043,2000.0,11010102.697248
net100-go-realjun-folgada,lowest_carbon_dc,4198.909841656189,2.099454920828095,0.0003813688170870301,2000.0,11010102.697248
net100-go-realjun-folgada,round_robin,61261.85625871762,30.697003392126106,0.005967337376032773,1995.7,10279102.697248
net100-go-realjun-folgada,worst_fit,30672.670782050496,15.531252504712452,0.004536009383806027,1974.9,6762335.3523139
net100-go-realjun-folgada,wsnb,6255.974624788089,3.127987312394045,0.0005682031127967394,2000.0,11010102.697248
pue-go-realjun-folgada,best_fit,13064.203153180457,6.532101576590227,0.0011865650586934018,2000.0,11010102.697248
pue-go-realjun-folgada,bfd,12668.360885141592,6.334180442570796,0.0011506124178394881,2000.0,11010102.697248
pue-go-realjun-folgada,cnemesis,4580.928926598725,2.2904644632993625,0.0004160659580172434,2000.0,11010102.697248
pue-go-realjun-folgada,ffd,10741.819953648039,5.370909976824019,0.000975633038948218,2000.0,11010102.697248
pue-go-realjun-folgada,first_fit,11685.474851970834,5.842737425985417,0.0010613411312586252,2000.0,11010102.697248
pue-go-realjun-folgada,follow_renewables,4660.618364694556,2.3303091823472775,0.0004233038049553786,2000.0,11010102.697248
pue-go-realjun-folgada,followme_s,4487.505327990852,2.243752663995426,0.0004075806966916407,2000.0,11010102.697248
pue-go-realjun-folgada,lowest_carbon_dc,4660.618364694556,2.3303091823472775,0.0004233038049553786,2000.0,11010102.697248
pue-go-realjun-folgada,round_robin,54786.61109561353,27.452403734838185,0.00533664483188484,1995.7,10279102.697248
pue-go-realjun-folgada,worst_fit,27351.499103772676,13.84956154844198,0.004044861144745377,1974.9,6762335.3523139
pue-go-realjun-folgada,wsnb,6640.637430928482,3.3203187154642406,0.0006031403714870274,2000.0,11010102.697248
