celula,algoritmo,redundante_por_construcao,cv_pct_10_seeds,cv_pct_20_novas,cv_pct_30_seeds,delta_cv_pp_30_menos_10,delta_cv_pp_20_menos_10
az-anticorr-alta,best_fit,False,0.2913925788382917,0.37666320041966844,0.3654089380300445,0.07401635919175276,0.08527062158137672
az-anticorr-alta,bfd,False,0.3631195889404706,0.4171317342113818,0.39392270929976364,0.030803120359293057,0.054012145270911194
az-anticorr-alta,cnemesis,False,0.21714983605534738,0.30037319351238745,0.2800165685385798,0.06286673248323243,0.08322335745704007
az-anticorr-alta,ffd,False,0.12159474152659858,0.17024104268584045,0.15356203056785606,0.03196728904125748,0.04864630115924187
az-anticorr-alta,first_fit,False,0.14658876975451887,0.18318341525082993,0.17275727853306,0.026168508778541127,0.03659464549631106
az-anticorr-alta,follow_renewables,False,1.3755084765825398,1.311997869774712,1.3126602964738137,-0.06284818010872617,-0.06351060680782794
az-anticorr-alta,followme_s,False,0.4105523057736093,0.43600272792147593,0.43268319473614403,0.022130888962534734,0.025450422147866636
az-anticorr-alta,lowest_carbon_dc,False,0.2877976527795358,0.34849517795218415,0.3278602794300507,0.04006262665051491,0.06069752517264837
az-anticorr-alta,round_robin,False,0.10840527447502088,0.0902515958064443,0.09803432336840917,-0.010370951106611709,-0.018153678668576576
az-anticorr-alta,worst_fit,False,0.31324716365095817,0.3051166790160193,0.3053716678998726,-0.007875495751085593,-0.008130484634938873
az-anticorr-alta,wsnb,False,0.2795581958100311,0.32355427133929904,0.3064922857757395,0.026934089965708397,0.04399607552926793
az-anticorr-folgada,best_fit,False,1.2851709399138955,2.0821807533218943,1.8345832202089225,0.549412280295027,0.7970098134079988
az-anticorr-folgada,bfd,False,1.0564379083759095,1.2206162529874371,1.2098081658089648,0.15337025743305532,0.1641783446115277
az-anticorr-folgada,cnemesis,False,2.139622917134172,2.926335106200181,2.652398837106623,0.5127759199724511,0.7867121890660091
az-anticorr-folgada,ffd,False,2.3704495084857466,1.8675747317462075,2.007529614431536,-0.36291989405421043,-0.5028747767395392
az-anticorr-folgada,first_fit,False,3.5687493196500926,2.3854028870137682,2.8364921697374093,-0.7322571499126833,-1.1833464326363243
az-anticorr-folgada,follow_renewables,False,1.7252913461151322,1.7741431410350004,1.7303058285527944,0.0050144824376621155,0.04885179491986813
az-anticorr-folgada,followme_s,False,2.7350598459763478,2.9133439738044484,2.82136207457309,0.0863022285967423,0.17828412782810066
az-anticorr-folgada,lowest_carbon_dc,False,1.7252913461151322,1.7741431410350004,1.7303058285527944,0.0050144824376621155,0.04885179491986813
az-anticorr-folgada,round_robin,False,1.4979612537591918,2.405959674191538,2.1207097447156724,0.6227484909564807,0.9079984204323461
az-anticorr-folgada,worst_fit,False,1.444266005565582,2.5996097088262653,2.3378311836562022,0.8935651780906202,1.1553437032606833
az-anticorr-folgada,wsnb,False,1.3421612713041013,2.0407477288613065,1.8186881044477523,0.47652683314365096,0.6985864575572052
az-flat-alta,best_fit,False,0.16494097294141377,0.27406064376297934,0.24688995648443915,0.08194898354302538,0.10911967082156557
az-flat-alta,bfd,False,0.2345310310538091,0.34080284735097327,0.30583229100828757,0.07130125995447847,0.10627181629716417
az-flat-alta,cnemesis,False,0.508654603155406,0.43532881283030145,0.4533320215185475,-0.05532258163685849,-0.07332579032510456
az-flat-alta,ffd,False,0.16449992773946415,0.26439934377316177,0.23381308908992504,0.0693131613504609,0.09989941603369762
az-flat-alta,first_fit,False,0.17000071269180703,0.2553556051656708,0.228722736391958,0.05872202370015098,0.08535489247386377
az-flat-alta,follow_renewables,False,0.21409377480343958,0.27250890737215977,0.2507632022478714,0.03666942744443183,0.05841513256872019
az-flat-alta,followme_s,False,0.19671419629267684,0.3012722557830642,0.2694678095037565,0.07275361321107965,0.10455805949038738
az-flat-alta,lowest_carbon_dc,False,0.21409377480343958,0.27250890737215977,0.2507632022478714,0.03666942744443183,0.05841513256872019
az-flat-alta,round_robin,False,0.14197177205140452,0.11904240866557296,0.12990463653704062,-0.012067135514363891,-0.022929363385831555
az-flat-alta,worst_fit,False,0.34216990838055633,0.35878283217692003,0.34925154886823706,0.007081640487680729,0.0166129237963637
az-flat-alta,wsnb,False,0.21409377480343958,0.27250890737215977,0.2507632022478714,0.03666942744443183,0.05841513256872019
az-flat-folgada,best_fit,False,0.6346260782720856,1.0847251211478708,0.9677320940734244,0.3331060158013388,0.45009904287578517
az-flat-folgada,bfd,False,1.1354889403709452,1.429772157108094,1.3427961813543396,0.20730724098339448,0.29428321673714875
az-flat-folgada,cnemesis,False,1.1209383126310586,2.210813500886239,1.896725765601145,0.7757874529700863,1.0898751882551805
az-flat-folgada,ffd,False,0.8878378544683729,0.7936135639952383,0.8128028238461185,-0.07503503062225447,-0.09422429047313463
az-flat-folgada,first_fit,False,1.0183621658811441,1.0311213303544338,1.0148871355312066,-0.003475030349937569,0.01275916447328962
az-flat-folgada,follow_renewables,False,0.7799526397963953,0.9519647504876352,0.8879838222013533,0.10803118240495801,0.1720121106912399
az-flat-folgada,followme_s,False,1.7757532019336852,1.3921129548010387,1.54177659138652,-0.23397661054716523,-0.38364024713264655
az-flat-folgada,lowest_carbon_dc,False,0.7799526397963953,0.9519647504876352,0.8879838222013533,0.10803118240495801,0.1720121106912399
az-flat-folgada,round_robin,False,1.1828841142310274,1.216095352395566,1.1892716771429839,0.006387562911956524,0.03321123816453864
az-flat-folgada,worst_fit,False,1.210522950464147,1.642437408120523,1.5387113799987255,0.3281884295345785,0.43191445765637604
az-flat-folgada,wsnb,False,0.7799526397963953,0.9519647504876352,0.8879838222013533,0.10803118240495801,0.1720121106912399
az-realjan-alta,best_fit,True,0.15120194009055285,0.279750666819344,0.2469052803109057,0.09570334022035284,0.12854872672879117
az-realjan-alta,bfd,True,0.2182408763425364,0.32274551335625884,0.28881140896565427,0.07057053262311788,0.10450463701372245
az-realjan-alta,cnemesis,True,0.2756153091798905,0.30904414368190586,0.29567407427307274,0.020058765093182218,0.03342883450201534
az-realjan-alta,ffd,True,0.2221494061612225,0.33754724404478603,0.3004162795832966,0.07826687342207408,0.11539783788356353
az-realjan-alta,first_fit,True,0.2645688912170024,0.34880266569927076,0.3233959382861255,0.05882704706912312,0.08423377448226838
az-realjan-alta,follow_renewables,True,0.9011231650331075,0.6849592067994065,0.7530312215422247,-0.14809194349088284,-0.21616395823370105
az-realjan-alta,followme_s,True,0.24046758708649704,0.3538482099214295,0.3231568657485137,0.08268927866201667,0.11338062283493247
az-realjan-alta,lowest_carbon_dc,True,0.30234828072329906,0.32553488779988193,0.31355932880741827,0.011211048084119213,0.023186607076582877
az-realjan-alta,round_robin,True,0.14099963392980824,0.10363660901704522,0.12090427812652395,-0.020095355803284295,-0.037363024912763027
az-realjan-alta,worst_fit,True,0.3880098263731728,0.3779515039082904,0.3761389192276566,-0.011870907145516196,-0.010058322464882363
az-realjan-alta,wsnb,True,0.2840600160653026,0.2762473059303796,0.27836715382407146,-0.005692862241231167,-0.007812710134923018
az-realjan-folgada,best_fit,True,0.9749389396981585,1.0168916117470161,0.9957197102842266,0.020780770586068087,0.041952672048857664
az-realjan-folgada,bfd,True,1.04560667179759,1.2058189418184766,1.1887996623574295,0.14319299055983947,0.16021227002088656
az-realjan-folgada,cnemesis,True,1.83894110124616,2.4545107662844465,2.2433263855243077,0.4043852842781477,0.6155696650382865
az-realjan-folgada,ffd,True,0.8448329157077363,1.1656323633933734,1.0598255130540013,0.21499259734626497,0.32079944768563706
az-realjan-folgada,first_fit,True,0.7603684149733597,1.0475212248380352,0.9537225269398616,0.19335411196650187,0.2871528098646755
az-realjan-folgada,follow_renewables,True,1.9973254218935677,1.791329260746566,1.8354133850341565,-0.16191203685941113,-0.2059961611470016
az-realjan-folgada,followme_s,True,2.7674793810050127,2.319344577868674,2.546677619141687,-0.22080176186332556,-0.4481348031363388
az-realjan-folgada,lowest_carbon_dc,True,1.9973254218935677,1.791329260746566,1.8354133850341565,-0.16191203685941113,-0.2059961611470016
az-realjan-folgada,round_robin,True,1.3294754809462794,1.3933531252786848,1.3570493130769565,0.0275738321306771,0.06387764433240539
az-realjan-folgada,worst_fit,True,2.269618539251131,2.05170021105914,2.158754048549884,-0.11086449070124704,-0.21791832819199142
az-realjan-folgada,wsnb,True,1.3700532254344706,2.0273322742656115,1.8517632988625519,0.48171007342808125,0.6572790488311409
az-realjun-alta,best_fit,False,0.15120194009055285,0.279750666819344,0.2469052803109057,0.09570334022035284,0.12854872672879117
az-realjun-alta,bfd,False,0.2182408763425364,0.32274551335625884,0.28881140896565427,0.07057053262311788,0.10450463701372245
az-realjun-alta,cnemesis,False,0.2756153091798905,0.30904414368190586,0.29567407427307274,0.020058765093182218,0.03342883450201534
az-realjun-alta,ffd,False,0.2221494061612225,0.33754724404478603,0.3004162795832966,0.07826687342207408,0.11539783788356353
az-realjun-alta,first_fit,False,0.2645688912170024,0.34880266569927076,0.3233959382861255,0.05882704706912312,0.08423377448226838
az-realjun-alta,follow_renewables,False,0.9011231650331075,0.6849592067994065,0.7530312215422247,-0.14809194349088284,-0.21616395823370105
az-realjun-alta,followme_s,False,0.24046758708649704,0.3538482099214295,0.3231568657485137,0.08268927866201667,0.11338062283493247
az-realjun-alta,lowest_carbon_dc,False,0.30234828072329906,0.32553488779988193,0.31355932880741827,0.011211048084119213,0.023186607076582877
az-realjun-alta,round_robin,False,0.14099963392980824,0.10363660901704522,0.12090427812652395,-0.020095355803284295,-0.037363024912763027
az-realjun-alta,worst_fit,False,0.3880098263731728,0.3779515039082904,0.3761389192276566,-0.011870907145516196,-0.010058322464882363
az-realjun-alta,wsnb,False,0.2840600160653026,0.2762473059303796,0.27836715382407146,-0.005692862241231167,-0.007812710134923018
az-realjun-folgada,best_fit,False,0.9749389396981585,1.0168916117470161,0.9957197102842266,0.020780770586068087,0.041952672048857664
az-realjun-folgada,bfd,False,1.04560667179759,1.2058189418184766,1.1887996623574295,0.14319299055983947,0.16021227002088656
az-realjun-folgada,cnemesis,False,1.83894110124616,2.4545107662844465,2.2433263855243077,0.4043852842781477,0.6155696650382865
az-realjun-folgada,ffd,False,0.8448329157077363,1.1656323633933734,1.0598255130540013,0.21499259734626497,0.32079944768563706
az-realjun-folgada,first_fit,False,0.7603684149733597,1.0475212248380352,0.9537225269398616,0.19335411196650187,0.2871528098646755
az-realjun-folgada,follow_renewables,False,1.9973254218935677,1.791329260746566,1.8354133850341565,-0.16191203685941113,-0.2059961611470016
az-realjun-folgada,followme_s,False,2.7674793810050127,2.319344577868674,2.546677619141687,-0.22080176186332556,-0.4481348031363388
az-realjun-folgada,lowest_carbon_dc,False,1.9973254218935677,1.791329260746566,1.8354133850341565,-0.16191203685941113,-0.2059961611470016
az-realjun-folgada,round_robin,False,1.3294754809462794,1.3933531252786848,1.3570493130769565,0.0275738321306771,0.06387764433240539
az-realjun-folgada,worst_fit,False,2.269618539251131,2.05170021105914,2.158754048549884,-0.11086449070124704,-0.21791832819199142
az-realjun-folgada,wsnb,False,1.3700532254344706,2.0273322742656115,1.8517632988625519,0.48171007342808125,0.6572790488311409
go-anticorr-alta,best_fit,False,0.3109885837318461,0.31311943435619777,0.31310942583688545,0.0021208421050393222,0.0021308506243516434
go-anticorr-alta,bfd,False,0.7132003353254449,0.6503493244468824,0.6650951705129013,-0.048105164812543566,-0.06285101087856249
go-anticorr-alta,cnemesis,False,0.5977705236092566,0.6270757454441007,0.6193395397942947,0.021569016185038037,0.029305221834844075
go-anticorr-alta,ffd,False,0.5066955305465469,0.6208210958381277,0.5770831171133051,0.07038758656675814,0.1141255652915808
go-anticorr-alta,first_fit,False,0.5592079951020323,0.539142761375423,0.5373017773673349,-0.021906217734697475,-0.02006523372660929
go-anticorr-alta,follow_renewables,False,1.3831051926939213,1.5091855154379274,1.444428915898014,0.06132372320409263,0.12608032274400616
go-anticorr-alta,followme_s,False,0.7251876240671999,0.8584634214691585,0.8040677846081357,0.07888016054093572,0.1332757974019586
go-anticorr-alta,lowest_carbon_dc,False,0.6020750200653995,0.7334903472300688,0.685192614333473,0.08311759426807352,0.1314153271646693
go-anticorr-alta,round_robin,False,0.22668145790572028,0.22464479041959465,0.22145457374482294,-0.005226884160897338,-0.0020366674861256318
go-anticorr-alta,worst_fit,False,0.3607678037330896,0.7893028983241889,0.7464588550400099,0.3856910513069203,0.4285350945910993
go-anticorr-alta,wsnb,False,0.3327592983134426,0.644501213734173,0.5821478725446942,0.24938857423125166,0.31174191542073043
go-anticorr-folgada,best_fit,False,4.481695872124203,6.710801572738376,6.014388581588908,1.5326927094647047,2.2291057006141726
go-anticorr-folgada,bfd,False,4.407397342617827,5.610553660297209,5.19428539243628,0.7868880498184527,1.2031563176793822
go-anticorr-folgada,cnemesis,False,4.802144842427643,6.02464648020232,6.16503952361276,1.362894681185117,1.222501637774677
go-anticorr-folgada,ffd,False,8.532052103757641,12.550628268003315,11.327782041990154,2.7957299382325136,4.018576164245674
go-anticorr-folgada,first_fit,False,8.648398303437403,10.653528961944918,9.89913579238442,1.250737488947017,2.0051306585075146
go-anticorr-folgada,follow_renewables,False,4.336517053324686,6.41151572514554,6.028628478531244,1.6921114252065586,2.074998671820854
go-anticorr-folgada,followme_s,False,4.78354861941652,6.254345995962592,6.063549415956204,1.2800007965396833,1.4707973765460718
go-anticorr-folgada,lowest_carbon_dc,False,4.336517053324686,6.41151572514554,6.028628478531244,1.6921114252065586,2.074998671820854
go-anticorr-folgada,round_robin,False,1.8919022167073378,2.282552842894316,2.1665087552377815,0.2746065385304437,0.3906506261869782
go-anticorr-folgada,worst_fit,False,0.9436003691704395,1.0275663467064031,1.0052865876835482,0.061686218513108626,0.08396597753596358
go-anticorr-folgada,wsnb,False,4.499292998391874,4.229873627668493,4.304677344803452,-0.19461565358842137,-0.26941937072338096
go-flat-alta,best_fit,False,0.31963868573709087,0.2655981689887219,0.28492346605826036,-0.03471521967883051,-0.05404051674836896
go-flat-alta,bfd,False,0.37029483468004815,0.4517960608455874,0.4241700287321853,0.05387519405213714,0.08150122616553923
go-flat-alta,cnemesis,False,0.4710180056243158,0.3310463127871951,0.37534942492375484,-0.09566858070056095,-0.1399716928371207
go-flat-alta,ffd,False,0.32738400881533525,0.4023233962553849,0.37402576416441624,0.04664175534908099,0.07493938744004963
go-flat-alta,first_fit,False,0.3989400086377192,0.3945391155044938,0.39290019407822135,-0.006039814559497869,-0.0044008931332254475
go-flat-alta,follow_renewables,False,0.5104101307824447,0.30599429060076466,0.37713116430260524,-0.13327896647983944,-0.20441584018168002
go-flat-alta,followme_s,False,0.20916941465251884,0.4722765145146693,0.4049344734188519,0.19576505876633307,0.2631070998621504
go-flat-alta,lowest_carbon_dc,False,0.5104101307824447,0.30599429060076466,0.37713116430260524,-0.13327896647983944,-0.20441584018168002
go-flat-alta,round_robin,False,0.08134837693884124,0.17015221057156613,0.14514817466990906,0.06379979773106782,0.08880383363272489
go-flat-alta,worst_fit,False,0.3199810368979645,0.6479278055483725,0.6135497301002898,0.2935686932023253,0.327946768650408
go-flat-alta,wsnb,False,0.5104101307824447,0.30599429060076466,0.37713116430260524,-0.13327896647983944,-0.20441584018168002
go-flat-folgada,best_fit,False,2.746014443298581,2.9629611364995516,2.844690356587867,0.09867591328928604,0.2169466932009705
go-flat-folgada,bfd,False,2.6609198451646496,2.111241568780085,2.2690726020845884,-0.39184724308006125,-0.5496782763845647
go-flat-folgada,cnemesis,False,2.396902778591923,3.0673528405504147,2.857200663952243,0.46029788536032035,0.6704500619584919
go-flat-folgada,ffd,False,1.7832742425530497,2.7290507440014764,2.429661978891784,0.6463877363387343,0.9457765014484267
go-flat-folgada,first_fit,False,2.1879373129830175,2.9501743034900114,2.683904510206497,0.4959671972234796,0.7622369905069939
go-flat-folgada,follow_renewables,False,2.2523558371134023,3.563929817417148,3.157916312881795,0.9055604757683926,1.3115739803037458
go-flat-folgada,followme_s,False,2.573408282129767,3.0780924048502323,2.8843946238005014,0.3109863416707346,0.5046841227204655
go-flat-folgada,lowest_carbon_dc,False,2.2523558371134023,3.563929817417148,3.157916312881795,0.9055604757683926,1.3115739803037458
go-flat-folgada,round_robin,False,1.0872327501631205,1.3874291500366607,1.2849896986056413,0.19775694844252079,0.3001963998735402
go-flat-folgada,worst_fit,False,0.5326312781756213,0.6337709005259015,0.6007432163698059,0.0681119381941846,0.10113962235028018
go-flat-folgada,wsnb,False,2.2523558371134023,3.563929817417148,3.157916312881795,0.9055604757683926,1.3115739803037458
go-realjan-alta,best_fit,True,0.2972480703962862,0.28522169229968153,0.28597393525789633,-0.011274135138389874,-0.012026378096604673
go-realjan-alta,bfd,True,0.3749562690969484,0.5107000677040285,0.467404889519563,0.09244862042261459,0.13574379860708014
go-realjan-alta,cnemesis,True,0.6371813522920019,0.8096702286251324,0.7532504154326334,0.11606906314063148,0.17248887633313048
go-realjan-alta,ffd,True,0.3708815113113292,0.31814980930317477,0.3345846292236266,-0.0362968820877026,-0.05273170200815441
go-realjan-alta,first_fit,True,0.501367643936545,0.6568062557241136,0.6015371572978255,0.10016951336128055,0.15543861178756857
go-realjan-alta,follow_renewables,True,1.0061271719704536,1.0540329418127394,1.0208695981272466,0.014742426156792998,0.047905769842285784
go-realjan-alta,followme_s,True,0.5118278351804976,0.9369214873091144,0.8144362398036331,0.30260840462313554,0.42509365212861683
go-realjan-alta,lowest_carbon_dc,True,0.5660250647693583,0.6460380704869595,0.6109733398915472,0.04494827512218891,0.08001300571760117
go-realjan-alta,round_robin,True,0.12549733461007181,0.15728271401797775,0.14536932626214574,0.019871991652073928,0.031785379407905934
go-realjan-alta,worst_fit,True,0.5633221915406942,0.7814001237485693,0.773633216100937,0.21031102456024287,0.21807793220787508
go-realjan-alta,wsnb,True,0.4027477877848245,0.5232519513986951,0.47936026282880373,0.07661247504397922,0.12050416361387056
go-realjan-folgada,best_fit,True,1.9275651505353522,1.8657332332434697,1.8648430617571146,-0.0627220887782376,-0.06183191729188242
go-realjan-folgada,bfd,True,1.435573943017439,1.8379641827818058,1.6898826868704477,0.2543087438530087,0.40239023976436683
go-realjan-folgada,cnemesis,True,7.334148207890178,8.59221425579369,8.069963913475505,0.7358157055853267,1.2580660479035126
go-realjan-folgada,ffd,True,0.7614749279966494,1.0941466737864574,0.9824417840205338,0.22096685602388444,0.33267174578980796
go-realjan-folgada,first_fit,True,1.9258930262425946,2.3120801904902466,2.268695100724467,0.3428020744818725,0.386187164247652
go-realjan-folgada,follow_renewables,True,7.2419122696796565,10.218577277049613,9.206662101662323,1.9647498319826662,2.9766650073699568
go-realjan-folgada,followme_s,True,7.078213198285756,8.95557034999068,8.25131044872332,1.1730972504375643,1.8773571517049241
go-realjan-folgada,lowest_carbon_dc,True,7.2419122696796565,10.218577277049613,9.206662101662323,1.9647498319826662,2.9766650073699568
go-realjan-folgada,round_robin,True,3.010282755971687,2.317077746858989,2.5202079005346913,-0.4900748554369958,-0.693205009112698
go-realjan-folgada,worst_fit,True,0.9699575754211627,0.8352244063739684,0.8978098979904051,-0.07214767743075756,-0.13473316904719423
go-realjan-folgada,wsnb,True,4.8362058642799335,4.089150560748478,4.269976845655493,-0.5662290186244405,-0.7470553035314556
go-realjun-alta,best_fit,False,0.2972480703962862,0.28522169229968153,0.28597393525789633,-0.011274135138389874,-0.012026378096604673
go-realjun-alta,bfd,False,0.3749562690969484,0.5107000677040285,0.467404889519563,0.09244862042261459,0.13574379860708014
go-realjun-alta,cnemesis,False,0.6371813522920019,0.8096702286251324,0.7532504154326334,0.11606906314063148,0.17248887633313048
go-realjun-alta,ffd,False,0.3708815113113292,0.31814980930317477,0.3345846292236266,-0.0362968820877026,-0.05273170200815441
go-realjun-alta,first_fit,False,0.501367643936545,0.6568062557241136,0.6015371572978255,0.10016951336128055,0.15543861178756857
go-realjun-alta,follow_renewables,False,1.0061271719704536,1.0540329418127394,1.0208695981272466,0.014742426156792998,0.047905769842285784
go-realjun-alta,followme_s,False,0.5118278351804976,0.9369214873091144,0.8144362398036331,0.30260840462313554,0.42509365212861683
go-realjun-alta,lowest_carbon_dc,False,0.5660250647693583,0.6460380704869595,0.6109733398915472,0.04494827512218891,0.08001300571760117
go-realjun-alta,round_robin,False,0.12549733461007181,0.15728271401797775,0.14536932626214574,0.019871991652073928,0.031785379407905934
go-realjun-alta,worst_fit,False,0.5633221915406942,0.7814001237485693,0.773633216100937,0.21031102456024287,0.21807793220787508
go-realjun-alta,wsnb,False,0.4027477877848245,0.5232519513986951,0.47936026282880373,0.07661247504397922,0.12050416361387056
go-realjun-folgada,best_fit,False,1.9275651505353522,1.8657332332434697,1.8648430617571146,-0.0627220887782376,-0.06183191729188242
go-realjun-folgada,bfd,False,1.435573943017439,1.8379641827818058,1.6898826868704477,0.2543087438530087,0.40239023976436683
go-realjun-folgada,cnemesis,False,7.334148207890178,8.59221425579369,8.069963913475505,0.7358157055853267,1.2580660479035126
go-realjun-folgada,ffd,False,0.7614749279966494,1.0941466737864574,0.9824417840205338,0.22096685602388444,0.33267174578980796
go-realjun-folgada,first_fit,False,1.9258930262425946,2.3120801904902466,2.268695100724467,0.3428020744818725,0.386187164247652
go-realjun-folgada,follow_renewables,False,7.2419122696796565,10.218577277049613,9.206662101662323,1.9647498319826662,2.9766650073699568
go-realjun-folgada,followme_s,False,7.078213198285756,8.95557034999068,8.25131044872332,1.1730972504375643,1.8773571517049241
go-realjun-folgada,lowest_carbon_dc,False,7.2419122696796565,10.218577277049613,9.206662101662323,1.9647498319826662,2.9766650073699568
go-realjun-folgada,round_robin,False,3.010282755971687,2.317077746858989,2.5202079005346913,-0.4900748554369958,-0.693205009112698
go-realjun-folgada,worst_fit,False,0.9699575754211627,0.8352244063739684,0.8978098979904051,-0.07214767743075756,-0.13473316904719423
go-realjun-folgada,wsnb,False,4.8362058642799335,4.089150560748478,4.269976845655493,-0.5662290186244405,-0.7470553035314556
