celula,algoritmo,n_seeds,categoria,dif_gco2,dif_gco2_pct,dif_kwh,dif_kwh_pct,gib_migrados,gco2_por_gib,degenerado_por_construcao,p_bruto,p_holm3,significativo_gco2,recorte
az-anticorr-alta,cnemesis,30,vence_ambos,-228.0698723132339,-0.46647586906089805,-0.20186867230121663,-0.13954352684862897,5579.892992147058,0.04087352080661964,False,1.862645149230957e-08,1.862645149230957e-08,True,campanha_completa
az-anticorr-alta,follow_renewables,30,vence_ambos,-5661.498154939071,-11.579575352174347,-6.535190234392725,-4.5175087522898565,23191.92795013711,0.2441150286044072,False,1.862645149230957e-09,5.587935447692871e-09,True,campanha_completa
az-anticorr-alta,followme_s,30,vence_ambos,-416.13602215241116,-0.8511313248533237,-0.7657744273310745,-0.5293484280751534,8843.179191539715,0.04705728710671488,False,1.862645149230957e-09,5.587935447692871e-09,True,campanha_completa
az-anticorr-folgada,cnemesis,30,vence_ambos,-456.3127511477716,-7.143445401256097,-1.3055687998627268,-2.7356837523955786,3680.5369684180864,0.12397993962927023,False,1.862645149230957e-09,5.587935447692871e-09,True,campanha_completa
az-anticorr-folgada,follow_renewables,30,nao_elegivel_sem_migracao,0.0,0.0,0.0,0.0,0.0,,False,1.0,1.0,False,campanha_completa
az-anticorr-folgada,followme_s,30,vence_ambos,-841.8422013581264,-13.178798503326428,-1.8882449585025987,-3.956621094239967,6557.329349185247,0.12838186958883283,False,1.862645149230957e-09,5.587935447692871e-09,True,campanha_completa
az-em2021-alta,cnemesis,10,vence_ambos,-180.85513473660393,-0.2844693258870764,-0.21839885937577605,-0.15200854873362177,5598.812940403912,0.03230240707480336,False,0.005859375,0.005859375,True,campanha_completa
az-em2021-alta,follow_renewables,10,vence_ambos,-1395.9057592051067,-2.195637800946524,-1.9976144501257296,-1.3903665722468703,21167.299605087283,0.06594633161754933,False,0.001953125,0.005859375,True,campanha_completa
az-em2021-alta,followme_s,10,vence_ambos,-498.6248844310976,-0.7842933790694718,-0.9414311059806039,-0.6552487341821382,8762.688467117585,0.05690318516996373,False,0.001953125,0.005859375,True,campanha_completa
az-em2021-folgada,cnemesis,10,vence_ambos,-48.801841353202505,-0.5867106345272652,-2.493985232747698,-5.803538393922149,3680.531294562295,0.01325945561862319,False,0.001953125,0.005859375,True,campanha_completa
az-em2021-folgada,follow_renewables,10,vence_ambos,-417.985277266248,-5.0251466020112,-0.4810119999979207,-1.119321627598274,2770.7999999996273,0.15085364417002461,False,0.001953125,0.005859375,True,campanha_completa
az-em2021-folgada,followme_s,10,vence_ambos,-879.3273349323074,-10.571541653549671,-3.354729558507041,-7.806502435690527,7579.355063443072,0.11601611582672781,False,0.001953125,0.005859375,True,campanha_completa
az-flat-alta,cnemesis,30,vence_ambos,-1106.3644870506653,-1.6129204064195817,-2.329188393789796,-1.6129204064189477,3681.5580020690336,0.3005152944565559,False,1.862645149230957e-09,5.587935447692871e-09,True,campanha_completa
az-flat-alta,follow_renewables,30,nao_elegivel_sem_migracao,0.0,0.0,0.0,0.0,0.0,,True,1.0,1.0,False,campanha_completa
az-flat-alta,followme_s,30,vence_ambos,-412.9418524667941,-0.6020098695357847,-0.8693512683493992,-0.6020098695346175,8740.833681350232,0.04724284519311495,False,1.862645149230957e-09,5.587935447692871e-09,True,campanha_completa
az-flat-folgada,cnemesis,30,vence_ambos,-1334.3440613570579,-5.824499686788171,-2.8091453923295933,-5.824499686786441,3680.654427503453,0.36252902510658375,False,1.862645149230957e-09,5.587935447692871e-09,True,campanha_completa
az-flat-folgada,follow_renewables,30,nao_elegivel_sem_migracao,0.0,0.0,0.0,0.0,0.0,,True,1.0,1.0,False,campanha_completa
az-flat-folgada,followme_s,30,vence_ambos,-1827.0463887007177,-7.975177787288242,-3.846413449894834,-7.975177787285939,7519.795502968443,0.24296490349764036,False,1.862645149230957e-09,5.587935447692871e-09,True,campanha_completa
az-realjan-alta,cnemesis,30,vence_ambos,-106.91630850549869,-0.1766841721148322,-0.12147765691717514,-0.08455510253810826,5289.902978305053,0.020211393090569674,False,1.0609626770019531e-05,1.0609626770019531e-05,True,campanha_completa
az-realjan-alta,follow_renewables,30,vence_ambos,-3435.721471112517,-5.677689514593077,-4.83410494157443,-3.3648018029644002,25152.36125178247,0.1365963790325665,False,1.862645149230957e-09,5.587935447692871e-09,True,campanha_completa
az-realjan-alta,followme_s,30,vence_ambos,-470.91690297396804,-0.7782120828887125,-0.8798892454500902,-0.6124511063128033,8782.937873293242,0.05361724172112281,False,1.862645149230957e-09,5.587935447692871e-09,True,campanha_completa
az-realjan-folgada,cnemesis,30,vence_ambos,-335.09592501451436,-5.619125061251082,-1.3102315455765212,-3.050190949678852,3680.5369684180864,0.09104539035741306,False,1.862645149230957e-09,5.587935447692871e-09,True,campanha_completa
az-realjan-folgada,follow_renewables,30,nao_elegivel_sem_migracao,0.0,0.0,0.0,0.0,0.0,,False,1.0,1.0,False,campanha_completa
az-realjan-folgada,followme_s,30,vence_ambos,-595.81444972692,-9.991037360931935,-3.5016424779264717,-8.15174862125816,7522.462635167967,0.0792047071050179,False,1.862645149230957e-09,5.587935447692871e-09,True,campanha_completa
az-realjun-alta,cnemesis,30,vence_ambos,-106.91630850549869,-0.1766841721148322,-0.12147765691717514,-0.08455510253810826,5289.902978305053,0.020211393090569674,False,1.0609626770019531e-05,1.0609626770019531e-05,True,campanha_completa
az-realjun-alta,follow_renewables,30,vence_ambos,-3435.721471112517,-5.677689514593077,-4.83410494157443,-3.3648018029644002,25152.36125178247,0.1365963790325665,False,1.862645149230957e-09,5.587935447692871e-09,True,campanha_completa
az-realjun-alta,followme_s,30,vence_ambos,-470.91690297396804,-0.7782120828887125,-0.8798892454500902,-0.6124511063128033,8782.937873293242,0.05361724172112281,False,1.862645149230957e-09,5.587935447692871e-09,True,campanha_completa
az-realjun-folgada,cnemesis,30,vence_ambos,-335.09592501451436,-5.619125061251082,-1.3102315455765212,-3.050190949678852,3680.5369684180864,0.09104539035741306,False,1.862645149230957e-09,5.587935447692871e-09,True,campanha_completa
az-realjun-folgada,follow_renewables,30,nao_elegivel_sem_migracao,0.0,0.0,0.0,0.0,0.0,,False,1.0,1.0,False,campanha_completa
az-realjun-folgada,followme_s,30,vence_ambos,-595.81444972692,-9.991037360931935,-3.5016424779264717,-8.15174862125816,7522.462635167967,0.0792047071050179,False,1.862645149230957e-09,5.587935447692871e-09,True,campanha_completa
geo3-az-realjun-folgada,cnemesis,10,vence_ambos,-1232.2389715978688,-8.905939986725853,-2.9069961666591744,-6.351448897678082,2879.4443119289353,0.4279433245133308,False,0.001953125,0.005859375,True,campanha_completa
geo3-az-realjun-folgada,follow_renewables,10,vence_ambos,-1040.6996548859374,-7.521600017731898,-2.054062791663751,-4.4878885646648605,5960.394853624515,0.17460246853496428,False,0.001953125,0.005859375,True,campanha_completa
geo3-az-realjun-folgada,followme_s,10,vence_ambos,-1385.3700276901977,-10.012686346073503,-3.670405058506605,-8.019408635710475,7567.2768405245615,0.18307378689665652,False,0.001953125,0.005859375,True,campanha_completa
geo3-go-realjun-folgada,cnemesis,10,dominado,310.35660067860283,3.117484826379539,0.8263326063289697,2.2603444242631867,3162.826912267227,,False,0.001953125,0.005859375,True,campanha_completa
geo3-go-realjun-folgada,follow_renewables,10,dominado,26.86896528691377,0.2698946676156426,0.1184324396707865,0.323959266052701,2892.7984806244262,,False,0.625,0.625,False,campanha_completa
geo3-go-realjun-folgada,followme_s,10,vence_ambos,-498.388278340579,-5.006234415427068,-1.2592165504996828,-3.444452133513852,9102.984366410505,0.054749987287642,False,0.001953125,0.005859375,True,campanha_completa
go-anticorr-alta,cnemesis,30,vence_ambos,-124.98009215938461,-0.2520095406770848,-0.06364168507710796,-0.044029034220269304,8161.518409772249,0.015313338264328223,False,0.13473508320748806,0.13473508320748806,False,campanha_completa
go-anticorr-alta,follow_renewables,30,vence_ambos,-1189.4133963505913,-2.3983301541114805,-1.3556983169358707,-0.9379086602815548,19230.513018572205,0.06185032064417077,False,1.862645149230957e-09,5.587935447692871e-09,True,campanha_completa
go-anticorr-alta,followme_s,30,vence_ambos,-525.096246781505,-1.0588027395107966,-0.6644266094989253,-0.45966824874359635,8543.910737261642,0.061458536135151676,False,2.60770320892334e-08,5.21540641784668e-08,True,campanha_completa
go-anticorr-folgada,cnemesis,30,vence_ambos,-121.3698245115148,-2.8993988622043627,-1.8339166092911927,-4.186204038588398,3680.287155372308,0.03297835722800731,False,1.6391277313232422e-07,3.2782554626464844e-07,True,campanha_completa
go-anticorr-folgada,follow_renewables,30,nao_elegivel_sem_migracao,0.0,0.0,0.0,0.0,0.0,,False,1.0,1.0,False,campanha_completa
go-anticorr-folgada,followme_s,30,vence_ambos,-311.40804699139187,-7.439214324994457,-1.1794233984243034,-2.6922200108094,6539.4572066699775,0.047619861580219296,False,1.862645149230957e-09,5.587935447692871e-09,True,campanha_completa
go-em2021-alta,cnemesis,10,vence_ambos,-143.3890206925913,-0.22504547310084796,-0.148815128218493,-0.10363991236290276,8029.97856469322,0.017856712759241267,False,0.275390625,0.275390625,False,campanha_completa
go-em2021-alta,follow_renewables,10,vence_ambos,-711.3954222640735,-1.1165172799974907,-1.113269570585146,-0.7753187603502866,15112.59374383865,0.04707301964986036,False,0.001953125,0.005859375,True,campanha_completa
go-em2021-alta,followme_s,10,vence_ambos,-626.7325494351833,-0.9836410236577402,-0.8890953906647325,-0.6191962435127136,8507.747690683324,0.07366609497852251,False,0.005859375,0.01171875,True,campanha_completa
go-em2021-folgada,cnemesis,10,vence_ambos,-116.76900662371536,-2.092300631722501,-0.3947058074163429,-1.123768168938996,3680.154523140192,0.031729376005678975,False,0.001953125,0.005859375,True,campanha_completa
go-em2021-folgada,follow_renewables,10,vence_ambos,-407.25479046020035,-7.297308421041528,-0.8107209891561545,-2.3082063257899272,480.6370435377583,0.8473229351249679,False,0.001953125,0.005859375,True,campanha_completa
go-em2021-folgada,followme_s,10,vence_ambos,-261.28014731606584,-4.681692797538321,-1.0279770646372584,-2.926756794384232,9102.984366703871,0.028702690984701053,False,0.001953125,0.005859375,True,campanha_completa
go-flat-alta,cnemesis,30,vence_ambos,-54.00859964429401,-0.07878923314383565,-0.11370231504016412,-0.07878923314352403,3614.1921031874604,0.014943477851291376,False,0.11907656863331795,0.2381531372666359,False,campanha_completa
go-flat-alta,follow_renewables,30,nao_elegivel_sem_migracao,0.0,0.0,0.0,0.0,0.0,,True,1.0,1.0,False,campanha_completa
go-flat-alta,followme_s,30,vence_ambos,-318.3224704578422,-0.46437758995801703,-0.6701525693829855,-0.4643775899566899,8581.764939007287,0.03709289088203164,False,1.218356192111969e-05,3.655068576335907e-05,True,campanha_completa
go-flat-folgada,cnemesis,30,vence_ambos,-146.7403650724455,-0.7727283552074675,-0.308927084362251,-0.7727283552055295,3680.1830498252993,0.03987311584390113,False,3.2391399145126343e-06,6.4782798290252686e-06,True,campanha_completa
go-flat-folgada,follow_renewables,30,nao_elegivel_sem_migracao,0.0,0.0,0.0,0.0,0.0,,True,1.0,1.0,False,campanha_completa
go-flat-folgada,followme_s,30,vence_ambos,-549.9995540346832,-2.896273636393363,-1.1578937979667177,-2.8962736363909336,8851.81950818207,0.06213406786325658,False,1.862645149230957e-09,5.587935447692871e-09,True,campanha_completa
go-realjan-alta,cnemesis,30,dominado,-152.93511922126152,-0.25066680523214807,0.07076356258959701,0.04930447425623712,6776.221838823427,0.022569379052061266,False,0.023410143330693245,0.023410143330693245,True,campanha_completa
go-realjan-alta,follow_renewables,30,vence_ambos,-1178.481895434183,-1.9315791772132396,-1.2460977346477486,-0.8682179278481857,18308.140570060383,0.0643692837579243,False,1.862645149230957e-09,5.587935447692871e-09,True,campanha_completa
go-realjan-alta,followme_s,30,vence_ambos,-691.7777763735565,-1.133851570634218,-0.7944128560581637,-0.5535067311054469,8633.684913883668,0.0801254369685326,False,3.725290298461914e-09,7.450580596923828e-09,True,campanha_completa
go-realjan-folgada,cnemesis,30,vence_ambos,-75.56790826194992,-1.7967165799294127,-0.3100874315989219,-0.8813847184227152,3680.1830498252993,0.020533736294866416,False,4.7124922275543213e-07,9.424984455108643e-07,True,campanha_completa
go-realjan-folgada,follow_renewables,30,nao_elegivel_sem_migracao,0.0,0.0,0.0,0.0,0.0,,False,1.0,1.0,False,campanha_completa
go-realjan-folgada,followme_s,30,vence_ambos,-185.40541381971212,-4.408233450948705,-1.0546491015063182,-2.9977080869508796,8852.086336900822,0.02094482665028139,False,3.725290298461914e-09,1.1175870895385742e-08,True,campanha_completa
go-realjun-alta,cnemesis,30,dominado,-152.93511922126152,-0.25066680523214807,0.07076356258959701,0.04930447425623712,6776.221838823427,0.022569379052061266,False,0.023410143330693245,0.023410143330693245,True,campanha_completa
go-realjun-alta,follow_renewables,30,vence_ambos,-1178.481895434183,-1.9315791772132396,-1.2460977346477486,-0.8682179278481857,18308.140570060383,0.0643692837579243,False,1.862645149230957e-09,5.587935447692871e-09,True,campanha_completa
go-realjun-alta,followme_s,30,vence_ambos,-691.7777763735565,-1.133851570634218,-0.7944128560581637,-0.5535067311054469,8633.684913883668,0.0801254369685326,False,3.725290298461914e-09,7.450580596923828e-09,True,campanha_completa
go-realjun-folgada,cnemesis,30,vence_ambos,-75.56790826194992,-1.7967165799294127,-0.3100874315989219,-0.8813847184227152,3680.1830498252993,0.020533736294866416,False,4.7124922275543213e-07,9.424984455108643e-07,True,campanha_completa
go-realjun-folgada,follow_renewables,30,nao_elegivel_sem_migracao,0.0,0.0,0.0,0.0,0.0,,False,1.0,1.0,False,campanha_completa
go-realjun-folgada,followme_s,30,vence_ambos,-185.40541381971212,-4.408233450948705,-1.0546491015063182,-2.9977080869508796,8852.086336900822,0.02094482665028139,False,3.725290298461914e-09,1.1175870895385742e-08,True,campanha_completa
hetcap-az-anticorr-folgada,cnemesis,10,vence_ambos,-412.47378082978577,-7.588505753758231,-1.5296341713539192,-3.2510046053520756,3680.594022244494,0.11206717674834771,False,0.001953125,0.005859375,True,campanha_completa
hetcap-az-anticorr-folgada,follow_renewables,10,nao_elegivel_sem_migracao,0.0,0.0,0.0,0.0,0.0,,False,1.0,1.0,False,campanha_completa
hetcap-az-anticorr-folgada,followme_s,10,vence_ambos,-707.9009290701483,-13.02364058760968,-1.7660985168563443,-3.7535735794418152,6364.232300702575,0.11123115807573523,False,0.001953125,0.005859375,True,campanha_completa
hetcap-az-realjun-folgada,cnemesis,10,vence_ambos,-1872.155099498114,-15.541035683931444,-4.451721463190121,-9.736887443590497,3700.684361419827,0.5058942932327878,False,0.001953125,0.005859375,True,campanha_completa
hetcap-az-realjun-folgada,follow_renewables,10,vence_ambos,-2475.38189322841,-20.548510294010097,-5.114890666659209,-11.187383379517003,4182.014061904605,0.5919114227227281,False,0.001953125,0.005859375,True,campanha_completa
hetcap-az-realjun-folgada,followme_s,10,vence_ambos,-1652.8530904567524,-13.720577352790334,-5.069427305576247,-11.087945076080363,7855.829382560589,0.210398292779369,False,0.001953125,0.005859375,True,campanha_completa
net100-az-anticorr-folgada,cnemesis,10,vence_ambos,-457.3742604745689,-7.1510400215356755,-1.2990110683696727,-2.718332648984926,3680.5069234392604,0.1242693656033594,False,0.001953125,0.005859375,True,campanha_completa
net100-az-anticorr-folgada,follow_renewables,10,nao_elegivel_sem_migracao,0.0,0.0,0.0,0.0,0.0,,False,1.0,1.0,False,campanha_completa
net100-az-anticorr-folgada,followme_s,10,dominado,27.120228043742735,0.4240243776130946,0.9095395591676187,1.9033179465758718,2356.7828391287476,,False,0.037109375,0.07421875,False,campanha_completa
net100-az-realjun-alta,cnemesis,10,dominado,-16.06403078818621,-0.026554936098537416,0.020480657770067977,0.01425459830889044,2915.2101235948503,0.005510419526252562,False,0.556640625,0.556640625,False,campanha_completa
net100-az-realjun-alta,follow_renewables,10,dominado,-58.431056876770164,-0.09659051342666358,0.13191558300543135,0.09181363545724033,14008.381569942552,0.004171149720974497,False,0.10546875,0.2109375,False,campanha_completa
net100-az-realjun-alta,followme_s,10,vence_ambos,-87.03220770560657,-0.1438701621411651,-0.10330116882961135,-0.07189791866240906,4068.141667625867,0.021393602980497438,False,0.037109375,0.111328125,False,campanha_completa
net100-az-realjun-folgada,cnemesis,10,vence_ambos,-332.9804091568948,-5.570816312497046,-1.303650393613848,-3.03038129242395,3680.5069234392604,0.09047134432387924,False,0.001953125,0.005859375,True,campanha_completa
net100-az-realjun-folgada,follow_renewables,10,nao_elegivel_sem_migracao,0.0,0.0,0.0,0.0,0.0,,False,1.0,1.0,False,campanha_completa
net100-az-realjun-folgada,followme_s,10,vence_ambos,-2.548589143699337,-0.04263831019825379,-0.014947308518490843,-0.03474554553000877,2941.582795957569,0.0008664006150708053,False,0.76953125,1.0,False,campanha_completa
net100-go-realjun-folgada,cnemesis,10,vence_ambos,-78.10164667732742,-1.8600458124273886,-0.3931907409181477,-1.1209433543195007,3680.154523140192,0.02122238242612842,False,0.001953125,0.005859375,True,campanha_completa
net100-go-realjun-folgada,follow_renewables,10,nao_elegivel_sem_migracao,0.0,0.0,0.0,0.0,0.0,,False,1.0,1.0,False,campanha_completa
net100-go-realjun-folgada,followme_s,10,vence_ambos,-135.73040041965865,-3.232515237005473,-0.6952373763854048,-1.9820449355290892,7776.571063078567,0.017453759416418947,False,0.001953125,0.005859375,True,campanha_completa
pue-az-realjun-folgada,cnemesis,10,vence_ambos,-321.72306436333446,-5.017889926225069,-1.2595768037941668,-2.523382043495246,3680.5069234392604,0.0874127045691574,False,0.001953125,0.005859375,True,campanha_completa
pue-az-realjun-folgada,follow_renewables,10,nao_elegivel_sem_migracao,0.0,0.0,0.0,0.0,0.0,,False,1.0,1.0,False,campanha_completa
pue-az-realjun-folgada,followme_s,10,vence_ambos,-573.6241736058912,-8.946772180826647,-3.7253607397998727,-7.463227623783189,7579.272125484049,0.0756832798860955,False,0.001953125,0.005859375,True,campanha_completa
pue-go-realjun-folgada,cnemesis,10,vence_ambos,-79.68943809583043,-1.7098468885480835,-0.4315609729162972,-1.0321440111493445,3680.154523140192,0.021653829369054113,False,0.001953125,0.005859375,True,campanha_completa
pue-go-realjun-folgada,follow_renewables,10,nao_elegivel_sem_migracao,0.0,0.0,0.0,0.0,0.0,,False,1.0,1.0,False,campanha_completa
pue-go-realjun-folgada,followme_s,10,vence_ambos,-173.1130367037034,-3.7143791479491535,-1.169260314412614,-2.796464710050718,9102.984366703871,0.019017173899243598,False,0.001953125,0.005859375,True,campanha_completa
az-realjun-folgada,cnemesis,10,vence_ambos,-332.9804091568948,-5.570816312497046,-1.303650393613848,-3.03038129242395,3680.5069234392604,0.09047134432387924,False,0.001953125,0.005859375,True,doze_celulas_seeds42_51
az-realjun-folgada,follow_renewables,10,nao_elegivel_sem_migracao,0.0,0.0,0.0,0.0,0.0,,False,1.0,1.0,False,doze_celulas_seeds42_51
az-realjun-folgada,followme_s,10,vence_ambos,-553.1576897403739,-9.254417967685557,-3.3550789751732233,-7.798999341215598,7579.272125484049,0.07298295675127862,False,0.001953125,0.005859375,True,doze_celulas_seeds42_51
az-realjun-alta,cnemesis,10,vence_ambos,-117.7109140418892,-0.1945841514933833,-0.1593963005580889,-0.11094029605335202,5309.740338068828,0.022168864491912438,False,0.009765625,0.009765625,True,doze_celulas_seeds42_51
az-realjun-alta,follow_renewables,10,vence_ambos,-3487.1897925353796,-5.764562040826658,-4.9538708753960154,-3.4479087632666037,25219.016583948956,0.13827620045877828,False,0.001953125,0.005859375,True,doze_celulas_seeds42_51
az-realjun-alta,followme_s,10,vence_ambos,-507.2587879783576,-0.8385332970161563,-0.9759242809310706,-0.6792461824588646,8838.369071618468,0.05739280447195323,False,0.001953125,0.005859375,True,doze_celulas_seeds42_51
az-flat-folgada,cnemesis,10,vence_ambos,-1376.8994843397327,-6.003673476164696,-2.8987357565035827,-6.003673476162855,3680.530861451477,0.3741035019596956,False,0.001953125,0.005859375,True,doze_celulas_seeds42_51
az-flat-folgada,follow_renewables,10,nao_elegivel_sem_migracao,0.0,0.0,0.0,0.0,0.0,,True,1.0,1.0,False,doze_celulas_seeds42_51
az-flat-folgada,followme_s,10,vence_ambos,-1748.3885126083137,-7.623471327110785,-3.6808179212792096,-7.6234713271083825,7579.270788806304,0.23068030702775244,False,0.001953125,0.005859375,True,doze_celulas_seeds42_51
az-flat-alta,cnemesis,10,vence_ambos,-1078.0485673691742,-1.5715967055356632,-2.2695759313025574,-1.5715967055351037,3681.4991826940327,0.29282868578020005,False,0.001953125,0.005859375,True,doze_celulas_seeds42_51
az-flat-alta,follow_renewables,10,nao_elegivel_sem_migracao,0.0,0.0,0.0,0.0,0.0,,True,1.0,1.0,False,doze_celulas_seeds42_51
az-flat-alta,followme_s,10,vence_ambos,-446.5585533828431,-0.6510003097893041,-0.9401232702778458,-0.6510003097880868,8738.148084553797,0.05110448450424105,False,0.001953125,0.005859375,True,doze_celulas_seeds42_51
az-anticorr-folgada,cnemesis,10,vence_ambos,-457.3742604745689,-7.1510400215356755,-1.299011068369672,-2.718332648984925,3680.5069234392604,0.1242693656033594,False,0.001953125,0.005859375,True,doze_celulas_seeds42_51
az-anticorr-folgada,follow_renewables,10,nao_elegivel_sem_migracao,0.0,0.0,0.0,0.0,0.0,,False,1.0,1.0,False,doze_celulas_seeds42_51
az-anticorr-folgada,followme_s,10,vence_ambos,-827.9160085867709,-12.944454954091725,-1.8741043574883214,-3.9217826442073433,6356.9006441513075,0.1302389411022962,False,0.001953125,0.005859375,True,doze_celulas_seeds42_51
az-anticorr-alta,cnemesis,10,vence_ambos,-242.25631841086215,-0.4958149713616224,-0.25262515607847147,-0.17459384967943398,5594.004120730888,0.04330642473306044,False,0.00390625,0.005859375,True,doze_celulas_seeds42_51
az-anticorr-alta,follow_renewables,10,vence_ambos,-5575.640001624432,-11.41140840355552,-6.465721710584785,-4.4685781175974295,23229.53996316232,0.2400236944195343,False,0.001953125,0.005859375,True,doze_celulas_seeds42_51
az-anticorr-alta,followme_s,10,vence_ambos,-452.7623409531196,-0.9266480584938448,-0.8757469709559388,-0.6052446928793045,8836.87232111115,0.05123558703812857,False,0.001953125,0.005859375,True,doze_celulas_seeds42_51
go-realjun-folgada,cnemesis,10,vence_ambos,-78.10164667732747,-1.8600458124273895,-0.3931907409181477,-1.1209433543195007,3680.154523140192,0.021222382426128433,False,0.001953125,0.005859375,True,doze_celulas_seeds42_51
go-realjun-folgada,follow_renewables,10,nao_elegivel_sem_migracao,0.0,0.0,0.0,0.0,0.0,,False,1.0,1.0,False,doze_celulas_seeds42_51
go-realjun-folgada,followme_s,10,vence_ambos,-164.20338906671773,-3.910619547905094,-1.027787566197547,-2.9301087794974054,9102.984366703871,0.018038412728393453,False,0.001953125,0.005859375,True,doze_celulas_seeds42_51
go-realjun-alta,cnemesis,10,vence_ambos,-261.79460243008,-0.42896758199592705,-0.05574862423160596,-0.038857839949344955,6853.538424639404,0.038198458403456634,False,0.00390625,0.005859375,True,doze_celulas_seeds42_51
go-realjun-alta,follow_renewables,10,vence_ambos,-1205.0194191594455,-1.9745031474933528,-1.3086128293305819,-0.9121277624095797,18111.0399560228,0.06653507595839178,False,0.001953125,0.005859375,True,doze_celulas_seeds42_51
go-realjun-alta,followme_s,10,vence_ambos,-637.4356553577614,-1.044480020667493,-0.7097823315160099,-0.494731638978914,8556.74336846657,0.07449512365964465,False,0.001953125,0.005859375,True,doze_celulas_seeds42_51
go-flat-folgada,cnemesis,10,vence_ambos,-199.89476322267257,-1.056198355852769,-0.4208310804680657,-1.056198355851022,3680.154523140192,0.05431694836881657,False,0.001953125,0.005859375,True,doze_celulas_seeds42_51
go-flat-folgada,follow_renewables,10,nao_elegivel_sem_migracao,0.0,0.0,0.0,0.0,0.0,,True,1.0,1.0,False,doze_celulas_seeds42_51
go-flat-folgada,followme_s,10,vence_ambos,-543.5216762651289,-2.8718446225731746,-1.1442561605571975,-2.8718446225708965,9102.184366924781,0.05971332312715617,False,0.001953125,0.005859375,True,doze_celulas_seeds42_51
go-flat-alta,cnemesis,10,vence_ambos,-62.90765851425531,-0.09177957932953469,-0.13243717581888462,-0.09177957932912292,3606.345782113727,0.0174436014500485,False,0.431640625,0.86328125,False,doze_celulas_seeds42_51
go-flat-alta,follow_renewables,10,nao_elegivel_sem_migracao,0.0,0.0,0.0,0.0,0.0,,True,1.0,1.0,False,doze_celulas_seeds42_51
go-flat-alta,followme_s,10,vence_ambos,-373.3782805692608,-0.5447429189192641,-0.7860595380385291,-0.5447429189178892,8509.429544972536,0.043878179917460715,False,0.01953125,0.05859375,False,doze_celulas_seeds42_51
go-anticorr-folgada,cnemesis,10,vence_ambos,-163.8565969942071,-4.014033340864781,-2.146951916005314,-4.9255145993712315,3680.2604762538335,0.04452309776752488,False,0.001953125,0.005859375,True,doze_celulas_seeds42_51
go-anticorr-folgada,follow_renewables,10,nao_elegivel_sem_migracao,0.0,0.0,0.0,0.0,0.0,,False,1.0,1.0,False,doze_celulas_seeds42_51
go-anticorr-folgada,followme_s,10,vence_ambos,-311.3878287070236,-7.6281403940890655,-1.246345938179124,-2.8593537976344297,6838.672212206386,0.04553337534605411,False,0.001953125,0.005859375,True,doze_celulas_seeds42_51
go-anticorr-alta,cnemesis,10,vence_ambos,-87.29503568771761,-0.17585523553514323,-0.04614429703084113,-0.031919690101505825,8104.388714206032,0.010771328815299762,False,0.556640625,0.556640625,False,doze_celulas_seeds42_51
go-anticorr-alta,follow_renewables,10,vence_ambos,-1249.1236382919997,-2.516350785515075,-1.4107425112859886,-0.9758619519801582,19367.89244677136,0.0644945567373919,False,0.001953125,0.005859375,True,doze_celulas_seeds42_51
go-anticorr-alta,followme_s,10,vence_ambos,-556.2731135078262,-1.1206082754548894,-0.7670416807159313,-0.5305906540742552,8574.916153022647,0.06487213444200743,False,0.005859375,0.01171875,True,doze_celulas_seeds42_51
