celula,algoritmo,seed,git_sha,total_kwh,total_gco2,total_migrations,total_mig_bytes,mean_active_hosts,final_sla_violations,total_unplaced_vms,algo_wall_total_us,fonte_carbono
az-em2021-alta,best_fit,42,305e2b27726305e196eea090fabc312280b39e1f,144.4632879407688,66761.32338993465,0,0.0,413.7875,0,552,14121,em2021
az-em2021-alta,best_fit,43,305e2b27726305e196eea090fabc312280b39e1f,143.7372994071943,66438.2702468747,0,0.0,412.525,0,297,13244,em2021
az-em2021-alta,best_fit,44,305e2b27726305e196eea090fabc312280b39e1f,144.35683887886915,66669.64659684205,0,0.0,413.87916666666666,0,466,17080,em2021
az-em2021-alta,best_fit,45,305e2b27726305e196eea090fabc312280b39e1f,144.4111377734015,66769.67926383227,0,0.0,414.75,0,546,17071,em2021
az-em2021-alta,best_fit,46,305e2b27726305e196eea090fabc312280b39e1f,144.36917049068467,66729.80428103481,0,0.0,414.7291666666667,0,456,11683,em2021
az-em2021-alta,best_fit,47,305e2b27726305e196eea090fabc312280b39e1f,144.4285993305564,66791.98922134178,0,0.0,414.47083333333336,0,516,12614,em2021
az-em2021-alta,best_fit,48,305e2b27726305e196eea090fabc312280b39e1f,144.3712383519686,66618.02455249714,0,0.0,413.67083333333335,0,326,13837,em2021
az-em2021-alta,best_fit,49,305e2b27726305e196eea090fabc312280b39e1f,144.22563062455407,66668.9887765148,0,0.0,413.6,0,389,14135,em2021
az-em2021-alta,best_fit,50,305e2b27726305e196eea090fabc312280b39e1f,144.16522637689644,66530.90222169328,0,0.0,413.99583333333334,0,488,13018,em2021
az-em2021-alta,best_fit,51,305e2b27726305e196eea090fabc312280b39e1f,143.9413860831778,66546.38825457192,0,0.0,413.6125,0,445,15262,em2021
az-em2021-alta,bfd,42,305e2b27726305e196eea090fabc312280b39e1f,145.48183443655662,67148.15328020291,0,0.0,415.875,0,638,17097,em2021
az-em2021-alta,bfd,43,305e2b27726305e196eea090fabc312280b39e1f,144.796387129029,66906.79734704016,0,0.0,415.0541666666667,0,381,15949,em2021
az-em2021-alta,bfd,44,305e2b27726305e196eea090fabc312280b39e1f,145.3960881270956,67156.76481507043,0,0.0,416.2,0,524,18130,em2021
az-em2021-alta,bfd,45,305e2b27726305e196eea090fabc312280b39e1f,144.97813257509003,66941.0337333985,0,0.0,414.8875,0,619,17677,em2021
az-em2021-alta,bfd,46,305e2b27726305e196eea090fabc312280b39e1f,145.2199351181216,67117.05584746144,0,0.0,415.6666666666667,0,474,14584,em2021
az-em2021-alta,bfd,47,305e2b27726305e196eea090fabc312280b39e1f,145.03969608991392,66988.71343437034,0,0.0,415.3875,0,552,17498,em2021
az-em2021-alta,bfd,48,305e2b27726305e196eea090fabc312280b39e1f,145.69226956829286,67244.35749647781,0,0.0,416.59583333333336,0,450,14265,em2021
az-em2021-alta,bfd,49,305e2b27726305e196eea090fabc312280b39e1f,144.8201804264599,66910.76922050795,0,0.0,414.3958333333333,0,482,14521,em2021
az-em2021-alta,bfd,50,305e2b27726305e196eea090fabc312280b39e1f,145.0541840307812,66953.9822124046,0,0.0,415.8875,0,567,17882,em2021
az-em2021-alta,bfd,51,305e2b27726305e196eea090fabc312280b39e1f,144.59676831040298,66758.1033567915,0,0.0,414.65416666666664,0,496,20302,em2021
az-em2021-alta,cnemesis,42,305e2b27726305e196eea090fabc312280b39e1f,143.67776609909689,63539.43110358534,460,5721084.652043343,396.9625,12332,433,209790,em2021
az-em2021-alta,cnemesis,43,305e2b27726305e196eea090fabc312280b39e1f,142.858539676326,62960.527587283555,460,5912822.18251133,395.65,10940,245,213202,em2021
az-em2021-alta,cnemesis,44,305e2b27726305e196eea090fabc312280b39e1f,143.30919478730092,63255.99450331917,460,5766078.938047409,395.65,14762,373,212218,em2021
az-em2021-alta,cnemesis,45,305e2b27726305e196eea090fabc312280b39e1f,143.4609563968085,63364.03988316729,460,5584000.38521862,396.62916666666666,14826,409,225306,em2021
az-em2021-alta,cnemesis,46,305e2b27726305e196eea090fabc312280b39e1f,143.52589265637587,63390.697373723146,460,5899988.930689812,396.5833333333333,15479,337,219424,em2021
az-em2021-alta,cnemesis,47,305e2b27726305e196eea090fabc312280b39e1f,143.5205909041313,63430.3235861408,460,5620974.794870377,397.5416666666667,15824,430,218181,em2021
az-em2021-alta,cnemesis,48,305e2b27726305e196eea090fabc312280b39e1f,143.8434007843916,63686.97856796263,460,5739461.016554832,398.27916666666664,12292,328,217586,em2021
az-em2021-alta,cnemesis,49,305e2b27726305e196eea090fabc312280b39e1f,143.46880723683898,63403.12704311897,460,5726349.711982727,396.5,9039,337,222908,em2021
az-em2021-alta,cnemesis,50,305e2b27726305e196eea090fabc312280b39e1f,143.69397630988092,63581.85413811221,460,5844669.401798248,397.525,11781,444,217638,em2021
az-em2021-alta,cnemesis,51,305e2b27726305e196eea090fabc312280b39e1f,143.21068228072497,63341.69528597383,460,5516414.496019363,397.3958333333333,14346,399,216784,em2021
az-em2021-alta,ffd,42,305e2b27726305e196eea090fabc312280b39e1f,144.4242100298983,66117.27399205719,0,0.0,396.52916666666664,0,577,14604,em2021
az-em2021-alta,ffd,43,305e2b27726305e196eea090fabc312280b39e1f,144.5591160384445,66188.13599466298,0,0.0,398.5083333333333,0,409,10731,em2021
az-em2021-alta,ffd,44,305e2b27726305e196eea090fabc312280b39e1f,144.780731055785,66360.76779327866,0,0.0,398.0375,0,519,11204,em2021
az-em2021-alta,ffd,45,305e2b27726305e196eea090fabc312280b39e1f,144.61066348147074,66223.53733492673,0,0.0,397.80833333333334,0,618,11921,em2021
az-em2021-alta,ffd,46,305e2b27726305e196eea090fabc312280b39e1f,144.8233222887908,66368.20212147769,0,0.0,399.2875,0,514,12175,em2021
az-em2021-alta,ffd,47,305e2b27726305e196eea090fabc312280b39e1f,144.5969279356623,66161.89438044238,0,0.0,398.3125,0,593,10961,em2021
az-em2021-alta,ffd,48,305e2b27726305e196eea090fabc312280b39e1f,144.90191833220206,66389.78099785087,0,0.0,398.47083333333336,0,447,12819,em2021
az-em2021-alta,ffd,49,305e2b27726305e196eea090fabc312280b39e1f,144.52600101777574,66196.98399894126,0,0.0,397.69166666666666,0,478,11137,em2021
az-em2021-alta,ffd,50,305e2b27726305e196eea090fabc312280b39e1f,144.36679376422407,66075.16282310976,0,0.0,397.975,0,534,12070,em2021
az-em2021-alta,ffd,51,305e2b27726305e196eea090fabc312280b39e1f,144.09746206134236,65908.69077846818,0,0.0,397.28333333333336,0,489,13429,em2021
az-em2021-alta,first_fit,42,305e2b27726305e196eea090fabc312280b39e1f,144.30610966042775,66157.78548465135,0,0.0,397.4583333333333,0,500,9405,em2021
az-em2021-alta,first_fit,43,305e2b27726305e196eea090fabc312280b39e1f,143.89049211235667,65926.3055670061,0,0.0,396.8833333333333,0,310,12301,em2021
az-em2021-alta,first_fit,44,305e2b27726305e196eea090fabc312280b39e1f,144.4565855595826,66221.6519217096,0,0.0,398.0,0,469,9818,em2021
az-em2021-alta,first_fit,45,305e2b27726305e196eea090fabc312280b39e1f,144.1778350617528,66088.07057892293,0,0.0,397.50416666666666,0,510,8741,em2021
az-em2021-alta,first_fit,46,305e2b27726305e196eea090fabc312280b39e1f,144.0352757661491,65941.61068568385,0,0.0,396.98333333333335,0,411,7205,em2021
az-em2021-alta,first_fit,47,305e2b27726305e196eea090fabc312280b39e1f,144.33029029286143,66114.72282293257,0,0.0,398.025,0,478,10755,em2021
az-em2021-alta,first_fit,48,305e2b27726305e196eea090fabc312280b39e1f,144.7434173294358,66364.95534088853,0,0.0,399.4291666666667,0,384,9136,em2021
az-em2021-alta,first_fit,49,305e2b27726305e196eea090fabc312280b39e1f,144.1743437929485,66088.42207849975,0,0.0,397.52916666666664,0,389,8950,em2021
az-em2021-alta,first_fit,50,305e2b27726305e196eea090fabc312280b39e1f,144.05882874353972,65975.70276070117,0,0.0,397.39166666666665,0,451,6874,em2021
az-em2021-alta,first_fit,51,305e2b27726305e196eea090fabc312280b39e1f,144.08115187763852,65950.21122382491,0,0.0,398.49583333333334,0,431,10895,em2021
az-em2021-alta,follow_renewables,42,305e2b27726305e196eea090fabc312280b39e1f,142.25920658459296,62582.23988100799,2769,22002708.377300262,339.98333333333335,37668,462,75771,em2021
az-em2021-alta,follow_renewables,43,305e2b27726305e196eea090fabc312280b39e1f,141.1903928554938,61847.20694887322,2749,21467133.613620758,338.42083333333335,30644,272,77200,em2021
az-em2021-alta,follow_renewables,44,305e2b27726305e196eea090fabc312280b39e1f,141.41979156321483,62072.68634866075,2750,21995549.3114357,340.28333333333336,32813,370,76715,em2021
az-em2021-alta,follow_renewables,45,305e2b27726305e196eea090fabc312280b39e1f,141.32176151056137,61871.275030093166,2779,22255685.467586517,337.3,41267,435,81003,em2021
az-em2021-alta,follow_renewables,46,305e2b27726305e196eea090fabc312280b39e1f,142.16870857323244,62489.89687988302,2790,21395319.903600693,339.3666666666667,37648,335,76703,em2021
az-em2021-alta,follow_renewables,47,305e2b27726305e196eea090fabc312280b39e1f,141.41677048622873,62066.438577437395,2731,22077883.99519348,338.1458333333333,40060,431,77268,em2021
az-em2021-alta,follow_renewables,48,305e2b27726305e196eea090fabc312280b39e1f,142.316229160355,62502.64370457237,2764,21070197.2978487,341.1125,44975,344,69451,em2021
az-em2021-alta,follow_renewables,49,305e2b27726305e196eea090fabc312280b39e1f,141.36582346833143,62035.368874963446,2754,21523459.352244377,332.67083333333335,39156,379,72101,em2021
az-em2021-alta,follow_renewables,50,305e2b27726305e196eea090fabc312280b39e1f,141.88943580050437,62328.56474023149,2829,21907622.658675194,339.7416666666667,30745,435,81668,em2021
az-em2021-alta,follow_renewables,51,305e2b27726305e196eea090fabc312280b39e1f,141.4295312218615,62007.84184197906,2765,21057587.978588104,340.57916666666665,33652,392,73011,em2021
az-em2021-alta,followme_s,42,305e2b27726305e196eea090fabc312280b39e1f,142.90188613389336,63208.447726220016,1070,9040568.487371445,393.92083333333335,7508,457,247525,em2021
az-em2021-alta,followme_s,43,305e2b27726305e196eea090fabc312280b39e1f,142.3093740788467,62822.73587470613,1038,8792698.2906456,393.5083333333333,6236,267,261182,em2021
az-em2021-alta,followme_s,44,305e2b27726305e196eea090fabc312280b39e1f,142.95688991117458,63170.72048211483,1057,9056768.682191849,394.3625,3864,399,249333,em2021
az-em2021-alta,followme_s,45,305e2b27726305e196eea090fabc312280b39e1f,142.6385187919459,62942.04792966877,1070,9299238.559984207,393.44166666666666,6475,449,249293,em2021
az-em2021-alta,followme_s,46,305e2b27726305e196eea090fabc312280b39e1f,142.5358384385351,62900.31186404903,1081,9107264.154938698,393.95,7033,366,237694,em2021
az-em2021-alta,followme_s,47,305e2b27726305e196eea090fabc312280b39e1f,142.77906049506873,63057.73526903091,1066,8802154.286928177,394.1458333333333,7244,467,263595,em2021
az-em2021-alta,followme_s,48,305e2b27726305e196eea090fabc312280b39e1f,143.168789057815,63463.20613201627,1033,8694490.45335865,395.35833333333335,8130,329,267238,em2021
az-em2021-alta,followme_s,49,305e2b27726305e196eea090fabc312280b39e1f,142.9096061102885,63129.152889710196,1084,9329248.425092697,393.8541666666667,5793,374,247371,em2021
az-em2021-alta,followme_s,50,305e2b27726305e196eea090fabc312280b39e1f,142.89505101621074,63249.1306069362,1057,8959995.534751892,395.4,3496,471,280061,em2021
az-em2021-alta,followme_s,51,305e2b27726305e196eea090fabc312280b39e1f,142.24447063204906,62833.482800989645,1067,8647503.028020859,392.6625,5672,455,269822,em2021
az-em2021-alta,lowest_carbon_dc,42,305e2b27726305e196eea090fabc312280b39e1f,143.88073146832448,63738.44930466857,0,0.0,398.5083333333333,0,507,17506,em2021
az-em2021-alta,lowest_carbon_dc,43,305e2b27726305e196eea090fabc312280b39e1f,143.32208556675803,63363.19272042025,0,0.0,397.19166666666666,0,277,21582,em2021
az-em2021-alta,lowest_carbon_dc,44,305e2b27726305e196eea090fabc312280b39e1f,143.76297574291848,63569.803603080196,0,0.0,397.9125,0,435,22451,em2021
az-em2021-alta,lowest_carbon_dc,45,305e2b27726305e196eea090fabc312280b39e1f,143.7688308437255,63555.745732107905,0,0.0,398.22083333333336,0,550,19190,em2021
az-em2021-alta,lowest_carbon_dc,46,305e2b27726305e196eea090fabc312280b39e1f,143.34348254429597,63295.86453060374,0,0.0,397.19166666666666,0,364,23037,em2021
az-em2021-alta,lowest_carbon_dc,47,305e2b27726305e196eea090fabc312280b39e1f,143.8239068136042,63605.633125111046,0,0.0,398.6333333333333,0,494,18028,em2021
az-em2021-alta,lowest_carbon_dc,48,305e2b27726305e196eea090fabc312280b39e1f,144.3675165727265,63995.119999249546,0,0.0,400.52916666666664,0,333,23129,em2021
az-em2021-alta,lowest_carbon_dc,49,305e2b27726305e196eea090fabc312280b39e1f,143.61976483804182,63531.00444857611,0,0.0,397.45,0,406,20661,em2021
az-em2021-alta,lowest_carbon_dc,50,305e2b27726305e196eea090fabc312280b39e1f,143.55181169462682,63693.68987719868,0,0.0,398.0875,0,520,16833,em2021
az-em2021-alta,lowest_carbon_dc,51,305e2b27726305e196eea090fabc312280b39e1f,143.31268964061192,63414.717078736925,0,0.0,397.7125,0,458,20933,em2021
az-em2021-alta,round_robin,42,305e2b27726305e196eea090fabc312280b39e1f,159.10600008771368,73456.00200657513,0,0.0,436.8333333333333,0,411,7144,em2021
az-em2021-alta,round_robin,43,305e2b27726305e196eea090fabc312280b39e1f,159.76496183895884,73829.22362160971,0,0.0,439.2875,0,235,6094,em2021
az-em2021-alta,round_robin,44,305e2b27726305e196eea090fabc312280b39e1f,159.45561072756755,73719.31902598336,0,0.0,437.87916666666666,0,359,7734,em2021
az-em2021-alta,round_robin,45,305e2b27726305e196eea090fabc312280b39e1f,159.230123772004,73521.15755099434,0,0.0,437.1166666666667,0,441,6252,em2021
az-em2021-alta,round_robin,46,305e2b27726305e196eea090fabc312280b39e1f,159.25941463361724,73545.6582542636,0,0.0,437.00416666666666,0,348,6428,em2021
az-em2021-alta,round_robin,47,305e2b27726305e196eea090fabc312280b39e1f,159.33063354669198,73606.94464808861,0,0.0,437.51666666666665,0,422,8583,em2021
az-em2021-alta,round_robin,48,305e2b27726305e196eea090fabc312280b39e1f,159.2673396589396,73495.25847880651,0,0.0,437.74583333333334,0,294,8350,em2021
az-em2021-alta,round_robin,49,305e2b27726305e196eea090fabc312280b39e1f,159.56820002040524,73719.90521482064,0,0.0,438.68333333333334,0,330,9608,em2021
az-em2021-alta,round_robin,50,305e2b27726305e196eea090fabc312280b39e1f,158.98434472574743,73362.41035466843,0,0.0,437.51666666666665,0,381,6563,em2021
az-em2021-alta,round_robin,51,305e2b27726305e196eea090fabc312280b39e1f,159.22314979598653,73515.48367004229,0,0.0,437.75416666666666,0,340,6349,em2021
az-em2021-alta,worst_fit,42,305e2b27726305e196eea090fabc312280b39e1f,151.20954213924028,69782.8928052963,0,0.0,400.1333333333333,0,380,11753,em2021
az-em2021-alta,worst_fit,43,305e2b27726305e196eea090fabc312280b39e1f,150.79124190003125,69673.56623199867,0,0.0,398.7416666666667,0,238,12534,em2021
az-em2021-alta,worst_fit,44,305e2b27726305e196eea090fabc312280b39e1f,150.35460184316932,69430.60577115268,0,0.0,396.6333333333333,0,354,12090,em2021
az-em2021-alta,worst_fit,45,305e2b27726305e196eea090fabc312280b39e1f,151.45446807164382,69894.03317929158,0,0.0,400.9375,0,410,13271,em2021
az-em2021-alta,worst_fit,46,305e2b27726305e196eea090fabc312280b39e1f,150.18192938402288,69373.99741323019,0,0.0,395.70416666666665,0,330,13107,em2021
az-em2021-alta,worst_fit,47,305e2b27726305e196eea090fabc312280b39e1f,151.20481691688536,69829.15486720641,0,0.0,399.725,0,402,12658,em2021
az-em2021-alta,worst_fit,48,305e2b27726305e196eea090fabc312280b39e1f,151.65219599403306,69996.32881705064,0,0.0,401.75,0,294,14246,em2021
az-em2021-alta,worst_fit,49,305e2b27726305e196eea090fabc312280b39e1f,150.6697382945124,69522.09642749449,0,0.0,397.65,0,298,12878,em2021
az-em2021-alta,worst_fit,50,305e2b27726305e196eea090fabc312280b39e1f,150.3625548640949,69337.36412398203,0,0.0,398.825,0,376,15081,em2021
az-em2021-alta,worst_fit,51,305e2b27726305e196eea090fabc312280b39e1f,150.43620604702002,69389.80404228986,0,0.0,397.7,0,337,13021,em2021
az-em2021-alta,wsnb,42,305e2b27726305e196eea090fabc312280b39e1f,143.8510670039145,63734.440352233694,0,0.0,398.3333333333333,0,489,13446,em2021
az-em2021-alta,wsnb,43,305e2b27726305e196eea090fabc312280b39e1f,143.4176797505694,63370.168268009686,0,0.0,398.0125,0,325,15304,em2021
az-em2021-alta,wsnb,44,305e2b27726305e196eea090fabc312280b39e1f,143.64532895526492,63555.03370154565,0,0.0,397.26666666666665,0,472,14033,em2021
az-em2021-alta,wsnb,45,305e2b27726305e196eea090fabc312280b39e1f,143.9012546535291,63661.95772952348,0,0.0,399.1,0,530,17094,em2021
az-em2021-alta,wsnb,46,305e2b27726305e196eea090fabc312280b39e1f,143.58012021255146,63440.28431134905,0,0.0,398.15416666666664,0,400,16491,em2021
az-em2021-alta,wsnb,47,305e2b27726305e196eea090fabc312280b39e1f,143.91885784482622,63624.74663176548,0,0.0,399.375,0,501,14425,em2021
az-em2021-alta,wsnb,48,305e2b27726305e196eea090fabc312280b39e1f,144.0219433288428,63885.6107745133,0,0.0,398.625,0,408,12448,em2021
az-em2021-alta,wsnb,49,305e2b27726305e196eea090fabc312280b39e1f,143.789676202885,63662.83127751638,0,0.0,398.3625,0,421,15530,em2021
az-em2021-alta,wsnb,50,305e2b27726305e196eea090fabc312280b39e1f,143.74884720079984,63847.22227614471,0,0.0,399.07916666666665,0,466,15440,em2021
az-em2021-alta,wsnb,51,305e2b27726305e196eea090fabc312280b39e1f,143.34881707105697,63474.29868590001,0,0.0,398.26666666666665,0,447,15628,em2021
az-em2021-folgada,best_fit,42,305e2b27726305e196eea090fabc312280b39e1f,45.47490826657211,23568.899145535404,0,0.0,208.20833333333334,0,0,2820,em2021
az-em2021-folgada,best_fit,43,305e2b27726305e196eea090fabc312280b39e1f,44.96097323928879,23223.76798577147,0,0.0,208.0125,0,0,2834,em2021
az-em2021-folgada,best_fit,44,305e2b27726305e196eea090fabc312280b39e1f,44.999926901709586,23377.229400453758,0,0.0,207.06666666666666,0,0,2871,em2021
az-em2021-folgada,best_fit,45,305e2b27726305e196eea090fabc312280b39e1f,45.27386013034669,23512.297017240053,0,0.0,208.16666666666666,0,0,1732,em2021
az-em2021-folgada,best_fit,46,305e2b27726305e196eea090fabc312280b39e1f,45.357264934247205,23637.3406800362,0,0.0,207.89166666666668,0,0,2953,em2021
az-em2021-folgada,best_fit,47,305e2b27726305e196eea090fabc312280b39e1f,44.7399112607838,23138.99123416634,0,0.0,206.80416666666667,0,0,2871,em2021
az-em2021-folgada,best_fit,48,305e2b27726305e196eea090fabc312280b39e1f,45.51475762433026,23461.36070898326,0,0.0,209.57916666666668,0,0,2174,em2021
az-em2021-folgada,best_fit,49,305e2b27726305e196eea090fabc312280b39e1f,45.266900447720175,23366.720000475743,0,0.0,208.40833333333333,0,0,2463,em2021
az-em2021-folgada,best_fit,50,305e2b27726305e196eea090fabc312280b39e1f,45.02649553771819,23424.79839374682,0,0.0,205.60416666666666,0,0,1778,em2021
az-em2021-folgada,best_fit,51,305e2b27726305e196eea090fabc312280b39e1f,45.647246646361744,23974.91254210886,0,0.0,207.84583333333333,0,0,2636,em2021
az-em2021-folgada,bfd,42,305e2b27726305e196eea090fabc312280b39e1f,47.58912910452346,23602.97151656049,0,0.0,222.49583333333334,0,0,2229,em2021
az-em2021-folgada,bfd,43,305e2b27726305e196eea090fabc312280b39e1f,47.20245704751324,23480.112493827317,0,0.0,222.80416666666667,0,0,2885,em2021
az-em2021-folgada,bfd,44,305e2b27726305e196eea090fabc312280b39e1f,47.56015637134771,23604.684834578544,0,0.0,224.56666666666666,0,0,2351,em2021
az-em2021-folgada,bfd,45,305e2b27726305e196eea090fabc312280b39e1f,46.830600777193276,23201.262592744144,0,0.0,222.14583333333334,0,0,2004,em2021
az-em2021-folgada,bfd,46,305e2b27726305e196eea090fabc312280b39e1f,47.27215242042981,23512.97114685357,0,0.0,222.3875,0,0,2853,em2021
az-em2021-folgada,bfd,47,305e2b27726305e196eea090fabc312280b39e1f,47.187869663090865,23308.184781374744,0,0.0,222.6875,0,0,3537,em2021
az-em2021-folgada,bfd,48,305e2b27726305e196eea090fabc312280b39e1f,48.64269665202882,24313.376887720497,0,0.0,226.76666666666668,0,0,3338,em2021
az-em2021-folgada,bfd,49,305e2b27726305e196eea090fabc312280b39e1f,46.942761944947485,23354.763642422025,0,0.0,222.9,0,0,3171,em2021
az-em2021-folgada,bfd,50,305e2b27726305e196eea090fabc312280b39e1f,47.355028444678005,23599.09071937897,0,0.0,223.1,0,0,3036,em2021
az-em2021-folgada,bfd,51,305e2b27726305e196eea090fabc312280b39e1f,48.041577722752784,24078.13281915545,0,0.0,224.675,0,0,2972,em2021
az-em2021-folgada,cnemesis,42,305e2b27726305e196eea090fabc312280b39e1f,40.95794527794074,8483.308342896931,460,3768765.2673158646,125.5125,18,0,13220,em2021
az-em2021-folgada,cnemesis,43,305e2b27726305e196eea090fabc312280b39e1f,40.62164795837793,8124.0220335593385,460,3768657.904258728,129.19583333333333,604,0,12819,em2021
az-em2021-folgada,cnemesis,44,305e2b27726305e196eea090fabc312280b39e1f,40.325433183218216,8080.121272750639,460,3768653.5190114975,126.65416666666667,0,0,13445,em2021
az-em2021-folgada,cnemesis,45,305e2b27726305e196eea090fabc312280b39e1f,40.859360447893934,8488.85413096836,460,3769105.837015152,125.99166666666666,883,0,11769,em2021
az-em2021-folgada,cnemesis,46,305e2b27726305e196eea090fabc312280b39e1f,39.78609342868325,8197.532687975057,460,3769170.633002281,123.32083333333334,344,0,11640,em2021
az-em2021-folgada,cnemesis,47,305e2b27726305e196eea090fabc312280b39e1f,40.361569098040725,8465.069713108871,460,3768795.591283798,125.45,659,0,12876,em2021
az-em2021-folgada,cnemesis,48,305e2b27726305e196eea090fabc312280b39e1f,41.27645007843622,8423.616613577928,460,3768671.0444145203,127.57916666666667,1091,0,11283,em2021
az-em2021-folgada,cnemesis,49,305e2b27726305e196eea090fabc312280b39e1f,39.914302121155025,8157.851889745369,460,3768740.886911392,124.20416666666667,0,0,10920,em2021
az-em2021-folgada,cnemesis,50,305e2b27726305e196eea090fabc312280b39e1f,40.439564485634506,8072.287109315259,460,3769104.322696686,126.91666666666667,159,0,12035,em2021
az-em2021-folgada,cnemesis,51,305e2b27726305e196eea090fabc312280b39e1f,40.25306780397638,8198.040797180443,460,3768975.450407982,125.95416666666667,468,0,12179,em2021
az-em2021-folgada,ffd,42,305e2b27726305e196eea090fabc312280b39e1f,46.453732958994316,20382.230968583775,0,0.0,131.025,0,0,1379,em2021
az-em2021-folgada,ffd,43,305e2b27726305e196eea090fabc312280b39e1f,46.19077928062234,20765.198007304327,0,0.0,133.475,0,0,1370,em2021
az-em2021-folgada,ffd,44,305e2b27726305e196eea090fabc312280b39e1f,45.6659085640828,20633.806735379017,0,0.0,130.75416666666666,0,0,1259,em2021
az-em2021-folgada,ffd,45,305e2b27726305e196eea090fabc312280b39e1f,47.01256642139194,20625.223473422237,0,0.0,134.85,0,0,1105,em2021
az-em2021-folgada,ffd,46,305e2b27726305e196eea090fabc312280b39e1f,46.51755723418144,20713.431038667943,0,0.0,134.77916666666667,0,0,1315,em2021
az-em2021-folgada,ffd,47,305e2b27726305e196eea090fabc312280b39e1f,45.89355201728401,20241.273208639708,0,0.0,133.07083333333333,0,0,1540,em2021
az-em2021-folgada,ffd,48,305e2b27726305e196eea090fabc312280b39e1f,46.673229744385,20620.438440642043,0,0.0,132.8,0,0,1133,em2021
az-em2021-folgada,ffd,49,305e2b27726305e196eea090fabc312280b39e1f,46.02384344015225,20333.991120209655,0,0.0,133.55416666666667,0,0,1692,em2021
az-em2021-folgada,ffd,50,305e2b27726305e196eea090fabc312280b39e1f,46.09956426938515,20361.473783421276,0,0.0,132.875,0,0,1188,em2021
az-em2021-folgada,ffd,51,305e2b27726305e196eea090fabc312280b39e1f,46.633019672700094,20770.867008146164,0,0.0,134.88333333333333,0,0,1446,em2021
az-em2021-folgada,first_fit,42,305e2b27726305e196eea090fabc312280b39e1f,45.02646808483138,20589.05688085955,0,0.0,131.0375,0,0,1162,em2021
az-em2021-folgada,first_fit,43,305e2b27726305e196eea090fabc312280b39e1f,44.40161747967264,20786.51400204192,0,0.0,130.6,0,0,1531,em2021
az-em2021-folgada,first_fit,44,305e2b27726305e196eea090fabc312280b39e1f,44.442636311476576,20888.14068250436,0,0.0,130.07916666666668,0,0,1317,em2021
az-em2021-folgada,first_fit,45,305e2b27726305e196eea090fabc312280b39e1f,45.230992299929156,20552.394896369966,0,0.0,133.6,0,0,1033,em2021
az-em2021-folgada,first_fit,46,305e2b27726305e196eea090fabc312280b39e1f,44.86216620922063,20482.515997075236,0,0.0,131.49166666666667,0,0,1498,em2021
az-em2021-folgada,first_fit,47,305e2b27726305e196eea090fabc312280b39e1f,44.89290132547434,20435.40515988783,0,0.0,132.07916666666668,0,0,1550,em2021
az-em2021-folgada,first_fit,48,305e2b27726305e196eea090fabc312280b39e1f,45.62712523289471,20822.233363727595,0,0.0,134.16666666666666,0,0,1034,em2021
az-em2021-folgada,first_fit,49,305e2b27726305e196eea090fabc312280b39e1f,44.38951369246267,20507.464340784296,0,0.0,131.34166666666667,0,0,1470,em2021
az-em2021-folgada,first_fit,50,305e2b27726305e196eea090fabc312280b39e1f,44.31993546493745,20637.901240980835,0,0.0,130.49583333333334,0,0,1224,em2021
az-em2021-folgada,first_fit,51,305e2b27726305e196eea090fabc312280b39e1f,45.33535733377785,20926.929010302614,0,0.0,134.95416666666668,0,0,770,em2021
az-em2021-folgada,follow_renewables,42,305e2b27726305e196eea090fabc312280b39e1f,42.42087635598203,7874.822296671142,366,3005644.799999237,106.98333333333333,0,0,13710,em2021
az-em2021-folgada,follow_renewables,43,305e2b27726305e196eea090fabc312280b39e1f,42.86537371462349,7988.229940309259,325,2669772.799999237,106.54583333333333,0,0,15289,em2021
az-em2021-folgada,follow_renewables,44,305e2b27726305e196eea090fabc312280b39e1f,42.198139424282466,7799.6428697452375,323,2646016.0,104.35833333333333,0,0,10296,em2021
az-em2021-folgada,follow_renewables,45,305e2b27726305e196eea090fabc312280b39e1f,43.39123128146282,8198.064332023194,372,3047424.0,106.67083333333333,0,0,14293,em2021
az-em2021-folgada,follow_renewables,46,305e2b27726305e196eea090fabc312280b39e1f,43.40351266238308,8178.293882967617,359,2244608.0,106.56666666666666,0,0,11004,em2021
az-em2021-folgada,follow_renewables,47,305e2b27726305e196eea090fabc312280b39e1f,43.23267160736538,8201.334174555579,371,3039232.0,105.65,0,0,14452,em2021
az-em2021-folgada,follow_renewables,48,305e2b27726305e196eea090fabc312280b39e1f,42.311131747697615,7899.994929611612,343,2817228.799999237,106.01666666666667,0,0,9991,em2021
az-em2021-folgada,follow_renewables,49,305e2b27726305e196eea090fabc312280b39e1f,41.65763462745377,7571.959104417282,376,3094937.599998474,105.87916666666666,0,0,9933,em2021
az-em2021-folgada,follow_renewables,50,305e2b27726305e196eea090fabc312280b39e1f,41.28263865229837,7522.478617799183,351,2875392.0,106.1,0,0,14037,em2021
az-em2021-folgada,follow_renewables,51,305e2b27726305e196eea090fabc312280b39e1f,42.161956137305665,7764.050083847636,358,2932736.0,106.97916666666667,0,0,14348,em2021
az-em2021-folgada,followme_s,42,305e2b27726305e196eea090fabc312280b39e1f,40.468144687628055,7801.029105721465,872,7198898.461029053,124.3125,704,0,30827,em2021
az-em2021-folgada,followme_s,43,305e2b27726305e196eea090fabc312280b39e1f,38.46004065122086,7179.227032344127,987,8130826.921287537,122.54166666666667,685,0,29635,em2021
az-em2021-folgada,followme_s,44,305e2b27726305e196eea090fabc312280b39e1f,38.945431920897654,7160.10402252984,914,7538429.105547905,120.59166666666667,0,0,29804,em2021
az-em2021-folgada,followme_s,45,305e2b27726305e196eea090fabc312280b39e1f,39.806443781231074,7632.57860334362,873,7192185.83072567,122.02083333333333,883,0,30566,em2021
az-em2021-folgada,followme_s,46,305e2b27726305e196eea090fabc312280b39e1f,39.11691098768759,7294.815917687854,952,7869777.637653351,122.8,815,0,30325,em2021
az-em2021-folgada,followme_s,47,305e2b27726305e196eea090fabc312280b39e1f,39.44390993491804,7513.0748512940345,888,7330806.599169731,120.71666666666667,761,0,30645,em2021
az-em2021-folgada,followme_s,48,305e2b27726305e196eea090fabc312280b39e1f,39.00094841287523,7233.324967699464,953,7858231.781985283,120.92916666666666,1529,0,31239,em2021
az-em2021-folgada,followme_s,49,305e2b27726305e196eea090fabc312280b39e1f,40.19146129301896,7607.408280453981,1031,8519953.09804821,125.6625,0,0,30885,em2021
az-em2021-folgada,followme_s,50,305e2b27726305e196eea090fabc312280b39e1f,40.57478115230532,7524.868278323732,947,7802518.280572891,125.8625,285,0,30093,em2021
az-em2021-folgada,followme_s,51,305e2b27726305e196eea090fabc312280b39e1f,40.17991780398072,7439.018595889031,992,8170968.133637428,125.79166666666667,548,0,28998,em2021
az-em2021-folgada,lowest_carbon_dc,42,305e2b27726305e196eea090fabc312280b39e1f,43.57729968931233,8534.544404937134,0,0.0,134.9875,0,0,4426,em2021
az-em2021-folgada,lowest_carbon_dc,43,305e2b27726305e196eea090fabc312280b39e1f,42.733890381289484,8165.338521142485,0,0.0,134.82916666666668,0,0,3612,em2021
az-em2021-folgada,lowest_carbon_dc,44,305e2b27726305e196eea090fabc312280b39e1f,42.83420609094772,8129.178276411648,0,0.0,133.475,0,0,4377,em2021
az-em2021-folgada,lowest_carbon_dc,45,305e2b27726305e196eea090fabc312280b39e1f,43.35906044812738,8537.833858972848,0,0.0,135.25416666666666,0,0,4249,em2021
az-em2021-folgada,lowest_carbon_dc,46,305e2b27726305e196eea090fabc312280b39e1f,42.894775995715186,8258.375882867425,0,0.0,135.15,0,0,4326,em2021
az-em2021-folgada,lowest_carbon_dc,47,305e2b27726305e196eea090fabc312280b39e1f,43.07616910736356,8518.204536288598,0,0.0,134.54166666666666,0,0,4291,em2021
az-em2021-folgada,lowest_carbon_dc,48,305e2b27726305e196eea090fabc312280b39e1f,43.104850081028836,8459.378381627897,0,0.0,134.05,0,0,4555,em2021
az-em2021-folgada,lowest_carbon_dc,49,305e2b27726305e196eea090fabc312280b39e1f,42.381102127451186,8206.18164686675,0,0.0,132.2875,0,0,4526,em2021
az-em2021-folgada,lowest_carbon_dc,50,305e2b27726305e196eea090fabc312280b39e1f,42.52486448562876,8113.002546315138,0,0.0,133.40833333333333,0,0,4421,em2021
az-em2021-folgada,lowest_carbon_dc,51,305e2b27726305e196eea090fabc312280b39e1f,43.249067803969425,8256.684949180297,0,0.0,135.85416666666666,0,0,4006,em2021
az-em2021-folgada,round_robin,42,305e2b27726305e196eea090fabc312280b39e1f,129.83703458629944,60366.05635583345,0,0.0,356.3,0,0,1807,em2021
az-em2021-folgada,round_robin,43,305e2b27726305e196eea090fabc312280b39e1f,134.16766401842116,62100.05728772834,0,0.0,367.65,0,0,1886,em2021
az-em2021-folgada,round_robin,44,305e2b27726305e196eea090fabc312280b39e1f,130.3212635907036,60208.17893373766,0,0.0,360.6791666666667,0,0,1231,em2021
az-em2021-folgada,round_robin,45,305e2b27726305e196eea090fabc312280b39e1f,132.49317268304688,60882.50772162188,0,0.0,364.3958333333333,0,0,1834,em2021
az-em2021-folgada,round_robin,46,305e2b27726305e196eea090fabc312280b39e1f,133.66136878627057,61413.73827184194,0,0.0,369.4,0,0,1770,em2021
az-em2021-folgada,round_robin,47,305e2b27726305e196eea090fabc312280b39e1f,130.6194248334846,59788.12285552612,0,0.0,357.29583333333335,0,0,1469,em2021
az-em2021-folgada,round_robin,48,305e2b27726305e196eea090fabc312280b39e1f,132.20552277830134,60861.23917227637,0,0.0,362.175,0,0,1618,em2021
az-em2021-folgada,round_robin,49,305e2b27726305e196eea090fabc312280b39e1f,129.82523154587295,59486.78774900899,0,0.0,361.7916666666667,0,0,1831,em2021
az-em2021-folgada,round_robin,50,305e2b27726305e196eea090fabc312280b39e1f,131.3230452431338,60311.383810826555,0,0.0,362.15416666666664,0,0,1747,em2021
az-em2021-folgada,round_robin,51,305e2b27726305e196eea090fabc312280b39e1f,132.60981205784623,61571.44631926395,0,0.0,367.84166666666664,0,0,1786,em2021
az-em2021-folgada,worst_fit,42,305e2b27726305e196eea090fabc312280b39e1f,62.580204508411434,29007.257931621283,0,0.0,82.1125,0,0,1954,em2021
az-em2021-folgada,worst_fit,43,305e2b27726305e196eea090fabc312280b39e1f,60.42436647802955,27639.474259878236,0,0.0,79.3875,0,0,3048,em2021
az-em2021-folgada,worst_fit,44,305e2b27726305e196eea090fabc312280b39e1f,61.938467321495246,28449.18630983608,0,0.0,81.34166666666667,0,0,2244,em2021
az-em2021-folgada,worst_fit,45,305e2b27726305e196eea090fabc312280b39e1f,61.03421587052243,28163.829716368822,0,0.0,80.13333333333334,0,0,2889,em2021
az-em2021-folgada,worst_fit,46,305e2b27726305e196eea090fabc312280b39e1f,61.67091639165624,28215.56019543927,0,0.0,81.07916666666667,0,0,2870,em2021
az-em2021-folgada,worst_fit,47,305e2b27726305e196eea090fabc312280b39e1f,60.7121369181718,27727.272540820908,0,0.0,79.80416666666666,0,0,2614,em2021
az-em2021-folgada,worst_fit,48,305e2b27726305e196eea090fabc312280b39e1f,61.573731208524,28660.96952427745,0,0.0,80.74583333333334,0,0,2547,em2021
az-em2021-folgada,worst_fit,49,305e2b27726305e196eea090fabc312280b39e1f,60.58325400612797,27494.466759842442,0,0.0,79.69583333333334,0,0,2264,em2021
az-em2021-folgada,worst_fit,50,305e2b27726305e196eea090fabc312280b39e1f,60.3489338086096,27428.73095525331,0,0.0,79.41666666666667,0,0,2496,em2021
az-em2021-folgada,worst_fit,51,305e2b27726305e196eea090fabc312280b39e1f,61.63508062728045,28300.587074849514,0,0.0,80.96666666666667,0,0,2976,em2021
az-em2021-folgada,wsnb,42,305e2b27726305e196eea090fabc312280b39e1f,43.54154567628665,8513.271521384218,0,0.0,134.7,0,0,2710,em2021
az-em2021-folgada,wsnb,43,305e2b27726305e196eea090fabc312280b39e1f,42.3751862181164,8050.641939018907,0,0.0,133.12083333333334,0,0,2851,em2021
az-em2021-folgada,wsnb,44,305e2b27726305e196eea090fabc312280b39e1f,42.59946244835646,8121.245245250108,0,0.0,134.09583333333333,0,0,2584,em2021
az-em2021-folgada,wsnb,45,305e2b27726305e196eea090fabc312280b39e1f,43.266331551203606,8508.321657944825,0,0.0,134.96666666666667,0,0,2725,em2021
az-em2021-folgada,wsnb,46,305e2b27726305e196eea090fabc312280b39e1f,42.854859757567,8223.877153618989,0,0.0,135.04166666666666,0,0,2571,em2021
az-em2021-folgada,wsnb,47,305e2b27726305e196eea090fabc312280b39e1f,42.03022574159019,8124.67823552613,0,0.0,132.61666666666667,0,0,2295,em2021
az-em2021-folgada,wsnb,48,305e2b27726305e196eea090fabc312280b39e1f,42.90414451683171,8269.819674337368,0,0.0,134.14583333333334,0,0,2600,em2021
az-em2021-folgada,wsnb,49,305e2b27726305e196eea090fabc312280b39e1f,42.589399844996805,8304.62276757704,0,0.0,134.29166666666666,0,0,3034,em2021
az-em2021-folgada,wsnb,50,305e2b27726305e196eea090fabc312280b39e1f,42.309703814840944,8029.537645722995,0,0.0,133.66666666666666,0,0,1977,em2021
az-em2021-folgada,wsnb,51,305e2b27726305e196eea090fabc312280b39e1f,42.69962816415236,8200.193487673743,0,0.0,133.80416666666667,0,0,1334,em2021
go-em2021-alta,best_fit,42,305e2b27726305e196eea090fabc312280b39e1f,145.05703147633852,66846.77494374476,0,0.0,405.64166666666665,0,170,9977,em2021
go-em2021-alta,best_fit,43,305e2b27726305e196eea090fabc312280b39e1f,144.8356128907519,66859.2311811684,0,0.0,404.57916666666665,0,58,10594,em2021
go-em2021-alta,best_fit,44,305e2b27726305e196eea090fabc312280b39e1f,144.8464617334106,66786.80466705472,0,0.0,405.8,0,162,10612,em2021
go-em2021-alta,best_fit,45,305e2b27726305e196eea090fabc312280b39e1f,144.4786327061894,66656.7380165203,0,0.0,404.6333333333333,0,155,11999,em2021
go-em2021-alta,best_fit,46,305e2b27726305e196eea090fabc312280b39e1f,144.98127911264467,66869.47712374319,0,0.0,405.34583333333336,0,113,9583,em2021
go-em2021-alta,best_fit,47,305e2b27726305e196eea090fabc312280b39e1f,145.29454783715232,66848.05427361958,0,0.0,406.3833333333333,0,152,10299,em2021
go-em2021-alta,best_fit,48,305e2b27726305e196eea090fabc312280b39e1f,144.81142238699135,66805.58201086047,0,0.0,405.275,0,133,10229,em2021
go-em2021-alta,best_fit,49,305e2b27726305e196eea090fabc312280b39e1f,144.91856174580906,66749.19996424965,0,0.0,405.35833333333335,0,157,9510,em2021
go-em2021-alta,best_fit,50,305e2b27726305e196eea090fabc312280b39e1f,144.06847631557994,66338.06506128576,0,0.0,404.56666666666666,0,174,12383,em2021
go-em2021-alta,best_fit,51,305e2b27726305e196eea090fabc312280b39e1f,143.79536347195554,66372.9807452955,0,0.0,403.55,0,70,10967,em2021
go-em2021-alta,bfd,42,305e2b27726305e196eea090fabc312280b39e1f,143.7137776135312,66235.89443930666,0,0.0,405.7291666666667,0,734,11493,em2021
go-em2021-alta,bfd,43,305e2b27726305e196eea090fabc312280b39e1f,144.11004580629037,66644.04083171002,0,0.0,407.12916666666666,0,600,12949,em2021
go-em2021-alta,bfd,44,305e2b27726305e196eea090fabc312280b39e1f,144.34594515033933,66553.36847074305,0,0.0,406.52916666666664,0,658,14568,em2021
go-em2021-alta,bfd,45,305e2b27726305e196eea090fabc312280b39e1f,144.6152349326526,66629.11101180466,0,0.0,406.85,0,861,13013,em2021
go-em2021-alta,bfd,46,305e2b27726305e196eea090fabc312280b39e1f,143.65046964697257,66571.92229298386,0,0.0,405.57916666666665,0,907,13781,em2021
go-em2021-alta,bfd,47,305e2b27726305e196eea090fabc312280b39e1f,145.31622862051103,66914.72679512488,0,0.0,408.6458333333333,0,808,12950,em2021
go-em2021-alta,bfd,48,305e2b27726305e196eea090fabc312280b39e1f,144.61232982702634,66663.05957200658,0,0.0,407.89166666666665,0,664,13430,em2021
go-em2021-alta,bfd,49,305e2b27726305e196eea090fabc312280b39e1f,144.0950955372913,66465.25554912198,0,0.0,406.6041666666667,0,629,13203,em2021
go-em2021-alta,bfd,50,305e2b27726305e196eea090fabc312280b39e1f,143.95432714912403,66423.0899155199,0,0.0,406.49583333333334,0,747,9987,em2021
go-em2021-alta,bfd,51,305e2b27726305e196eea090fabc312280b39e1f,143.6179948825967,66252.13834834595,0,0.0,405.99583333333334,0,743,10604,em2021
go-em2021-alta,cnemesis,42,305e2b27726305e196eea090fabc312280b39e1f,144.0977587542958,64035.5891540761,432,7830574.084915161,390.8,5732,177,197856,em2021
go-em2021-alta,cnemesis,43,305e2b27726305e196eea090fabc312280b39e1f,143.65381892232037,63690.816769636425,451,8154780.094021797,388.93333333333334,8005,107,177535,em2021
go-em2021-alta,cnemesis,44,305e2b27726305e196eea090fabc312280b39e1f,143.76912877773012,63738.16846848557,441,7920247.806174278,389.3625,11965,150,193136,em2021
go-em2021-alta,cnemesis,45,305e2b27726305e196eea090fabc312280b39e1f,143.63781790007312,63704.41092502355,445,8394649.722640991,390.42083333333335,5684,110,180272,em2021
go-em2021-alta,cnemesis,46,305e2b27726305e196eea090fabc312280b39e1f,143.12803520794333,63388.01357679717,449,8346677.44867897,386.5833333333333,6879,134,191811,em2021
go-em2021-alta,cnemesis,47,305e2b27726305e196eea090fabc312280b39e1f,143.91014754047032,63846.66771435725,454,8323815.820847511,389.65416666666664,10195,111,185708,em2021
go-em2021-alta,cnemesis,48,305e2b27726305e196eea090fabc312280b39e1f,143.19580885039596,63432.25067835444,437,8393108.588046074,388.18333333333334,7691,107,181980,em2021
go-em2021-alta,cnemesis,49,305e2b27726305e196eea090fabc312280b39e1f,142.6615800930482,62953.87118534861,436,8386817.556450844,385.0625,13053,104,174471,em2021
go-em2021-alta,cnemesis,50,305e2b27726305e196eea090fabc312280b39e1f,142.8221544358181,63291.54200348706,460,8037408.128306389,388.8666666666667,8664,134,195176,em2021
go-em2021-alta,cnemesis,51,305e2b27726305e196eea090fabc312280b39e1f,143.52187819904017,63640.54484732786,446,8438901.252376556,390.0125,10278,128,200484,em2021
go-em2021-alta,ffd,42,305e2b27726305e196eea090fabc312280b39e1f,145.36068257629003,66302.7456813106,0,0.0,398.025,0,349,8458,em2021
go-em2021-alta,ffd,43,305e2b27726305e196eea090fabc312280b39e1f,144.6596726140154,66004.15800877588,0,0.0,396.05,0,253,8184,em2021
go-em2021-alta,ffd,44,305e2b27726305e196eea090fabc312280b39e1f,143.80172493671438,65807.96249823373,0,0.0,394.5416666666667,0,401,6678,em2021
go-em2021-alta,ffd,45,305e2b27726305e196eea090fabc312280b39e1f,144.3367556556978,65883.96017443323,0,0.0,396.3,0,498,7229,em2021
go-em2021-alta,ffd,46,305e2b27726305e196eea090fabc312280b39e1f,144.11397464714338,65925.5106603624,0,0.0,395.2291666666667,0,478,7779,em2021
go-em2021-alta,ffd,47,305e2b27726305e196eea090fabc312280b39e1f,144.96523960762426,66397.46724619545,0,0.0,397.0,0,502,6653,em2021
go-em2021-alta,ffd,48,305e2b27726305e196eea090fabc312280b39e1f,144.94677613286143,66462.33896889808,0,0.0,397.44166666666666,0,368,8893,em2021
go-em2021-alta,ffd,49,305e2b27726305e196eea090fabc312280b39e1f,144.67508259439302,66247.69724288041,0,0.0,396.7875,0,438,7997,em2021
go-em2021-alta,ffd,50,305e2b27726305e196eea090fabc312280b39e1f,144.10844485016685,65878.28995723145,0,0.0,395.1,0,481,10448,em2021
go-em2021-alta,ffd,51,305e2b27726305e196eea090fabc312280b39e1f,144.44591773790825,65990.73925086306,0,0.0,395.3541666666667,0,398,8357,em2021
go-em2021-alta,first_fit,42,305e2b27726305e196eea090fabc312280b39e1f,144.79512169258578,66303.64756291256,0,0.0,394.45416666666665,0,405,8647,em2021
go-em2021-alta,first_fit,43,305e2b27726305e196eea090fabc312280b39e1f,144.09755924684032,65739.64390145295,0,0.0,392.9458333333333,0,247,10617,em2021
go-em2021-alta,first_fit,44,305e2b27726305e196eea090fabc312280b39e1f,144.91105559171106,66249.81668583343,0,0.0,394.65416666666664,0,354,8842,em2021
go-em2021-alta,first_fit,45,305e2b27726305e196eea090fabc312280b39e1f,143.9043426244774,65813.117020468,0,0.0,392.225,0,283,5695,em2021
go-em2021-alta,first_fit,46,305e2b27726305e196eea090fabc312280b39e1f,143.42855180156127,65624.01896128392,0,0.0,391.975,0,342,6573,em2021
go-em2021-alta,first_fit,47,305e2b27726305e196eea090fabc312280b39e1f,144.50349132203556,65994.84129880715,0,0.0,394.3333333333333,0,368,7501,em2021
go-em2021-alta,first_fit,48,305e2b27726305e196eea090fabc312280b39e1f,144.71970164944125,66189.86229507317,0,0.0,393.96666666666664,0,326,5852,em2021
go-em2021-alta,first_fit,49,305e2b27726305e196eea090fabc312280b39e1f,143.6888395315136,65820.52439103785,0,0.0,391.26666666666665,0,263,7388,em2021
go-em2021-alta,first_fit,50,305e2b27726305e196eea090fabc312280b39e1f,143.5760807862696,65597.46706311799,0,0.0,392.825,0,301,8633,em2021
go-em2021-alta,first_fit,51,305e2b27726305e196eea090fabc312280b39e1f,143.50337532884734,65702.29738545851,0,0.0,390.75416666666666,0,345,7858,em2021
go-em2021-alta,follow_renewables,42,305e2b27726305e196eea090fabc312280b39e1f,142.75704639383844,63373.97419773386,1915,15170533.382985115,365.9,11068,269,59032,em2021
go-em2021-alta,follow_renewables,43,305e2b27726305e196eea090fabc312280b39e1f,142.11404612670427,62663.72231558169,1921,14745245.707307816,366.84583333333336,13956,149,60307,em2021
go-em2021-alta,follow_renewables,44,305e2b27726305e196eea090fabc312280b39e1f,143.187034140664,63386.51699999951,1978,15444520.381958961,365.6625,12223,224,59079,em2021
go-em2021-alta,follow_renewables,45,305e2b27726305e196eea090fabc312280b39e1f,142.74020281193145,63070.57080392679,1924,15624405.856811523,368.85,8220,203,61768,em2021
go-em2021-alta,follow_renewables,46,305e2b27726305e196eea090fabc312280b39e1f,141.96863388360777,62782.329326872845,1912,15663095.094320297,365.02916666666664,8080,213,56350,em2021
go-em2021-alta,follow_renewables,47,305e2b27726305e196eea090fabc312280b39e1f,143.38272697212142,63476.49903400499,2016,15852309.261080742,362.025,12047,200,63412,em2021
go-em2021-alta,follow_renewables,48,305e2b27726305e196eea090fabc312280b39e1f,142.19271435273205,62786.332498320975,1984,16106775.03280735,360.925,13946,211,61128,em2021
go-em2021-alta,follow_renewables,49,305e2b27726305e196eea090fabc312280b39e1f,141.99687326708963,62590.58440611463,1881,15167395.152633667,364.8208333333333,14210,193,59017,em2021
go-em2021-alta,follow_renewables,50,305e2b27726305e196eea090fabc312280b39e1f,141.96178076830694,62724.76488916897,1720,15691294.392023087,373.1958333333333,11692,223,56268,em2021
go-em2021-alta,follow_renewables,51,305e2b27726305e196eea090fabc312280b39e1f,142.452525540473,63186.516835454946,1845,15287385.67497921,368.6625,11918,223,63988,em2021
go-em2021-alta,followme_s,42,305e2b27726305e196eea090fabc312280b39e1f,143.03051939471897,63443.502171970824,1035,8685683.168412209,390.0416666666667,3540,309,162234,em2021
go-em2021-alta,followme_s,43,305e2b27726305e196eea090fabc312280b39e1f,142.46296557733652,62946.51130481128,1040,8828764.420212746,389.2083333333333,2977,202,161582,em2021
go-em2021-alta,followme_s,44,305e2b27726305e196eea090fabc312280b39e1f,142.63370729786783,63013.139713153796,1018,8745951.241233826,388.30833333333334,5844,302,139835,em2021
go-em2021-alta,followme_s,45,305e2b27726305e196eea090fabc312280b39e1f,142.13554917885355,62775.02473614371,1028,8876502.634610176,388.15416666666664,2811,273,149934,em2021
go-em2021-alta,followme_s,46,305e2b27726305e196eea090fabc312280b39e1f,142.6032526955602,63001.56364280365,1030,8601280.471261024,388.35,4505,310,147199,em2021
go-em2021-alta,followme_s,47,305e2b27726305e196eea090fabc312280b39e1f,142.52263694222302,62957.65659500687,1007,8455104.578068733,388.72083333333336,2510,307,173403,em2021
go-em2021-alta,followme_s,48,305e2b27726305e196eea090fabc312280b39e1f,142.947657699036,63204.00480343953,1040,8776515.556206703,387.5,3048,251,135984,em2021
go-em2021-alta,followme_s,49,305e2b27726305e196eea090fabc312280b39e1f,142.66521517413395,62930.076808420876,1052,8943492.636297226,387.475,2874,256,129832,em2021
go-em2021-alta,followme_s,50,305e2b27726305e196eea090fabc312280b39e1f,142.81716449651958,63180.305154629794,1032,8805800.918012619,387.9875,5676,256,155742,em2021
go-em2021-alta,followme_s,51,305e2b27726305e196eea090fabc312280b39e1f,143.17665760042348,63436.65510508778,1015,8400240.728281975,389.8208333333333,5866,332,150996,em2021
go-em2021-alta,lowest_carbon_dc,42,305e2b27726305e196eea090fabc312280b39e1f,143.23932592019685,63556.45074953199,0,0.0,391.50416666666666,0,354,13157,em2021
go-em2021-alta,lowest_carbon_dc,43,305e2b27726305e196eea090fabc312280b39e1f,144.02144252894223,63980.26727530438,0,0.0,393.125,0,212,15790,em2021
go-em2021-alta,lowest_carbon_dc,44,305e2b27726305e196eea090fabc312280b39e1f,144.6961355113589,64333.19245912638,0,0.0,395.25,0,321,17185,em2021
go-em2021-alta,lowest_carbon_dc,45,305e2b27726305e196eea090fabc312280b39e1f,144.02534345881557,63908.226725484084,0,0.0,392.34583333333336,0,284,16520,em2021
go-em2021-alta,lowest_carbon_dc,46,305e2b27726305e196eea090fabc312280b39e1f,143.76530939672824,63822.74716073236,0,0.0,392.40416666666664,0,294,15445,em2021
go-em2021-alta,lowest_carbon_dc,47,305e2b27726305e196eea090fabc312280b39e1f,143.81959752671702,63820.76461083861,0,0.0,393.1666666666667,0,350,16804,em2021
go-em2021-alta,lowest_carbon_dc,48,305e2b27726305e196eea090fabc312280b39e1f,143.69554428006188,63760.2831162515,0,0.0,391.47083333333336,0,299,16273,em2021
go-em2021-alta,lowest_carbon_dc,49,305e2b27726305e196eea090fabc312280b39e1f,143.298042577402,63327.633299832916,0,0.0,389.5416666666667,0,259,15712,em2021
go-em2021-alta,lowest_carbon_dc,50,305e2b27726305e196eea090fabc312280b39e1f,141.93199292804394,62998.4958376438,0,0.0,389.42083333333335,0,273,17782,em2021
go-em2021-alta,lowest_carbon_dc,51,305e2b27726305e196eea090fabc312280b39e1f,143.3935458350538,63647.70429507393,0,0.0,391.4375,0,341,16535,em2021
go-em2021-alta,round_robin,42,305e2b27726305e196eea090fabc312280b39e1f,162.82146118646367,75234.86618476384,0,0.0,446.8666666666667,0,108,6018,em2021
go-em2021-alta,round_robin,43,305e2b27726305e196eea090fabc312280b39e1f,162.53834925779313,75069.61659869453,0,0.0,446.4583333333333,0,111,4265,em2021
go-em2021-alta,round_robin,44,305e2b27726305e196eea090fabc312280b39e1f,162.90107307908877,75233.46362814339,0,0.0,446.6125,0,106,5484,em2021
go-em2021-alta,round_robin,45,305e2b27726305e196eea090fabc312280b39e1f,162.94672291389833,75245.45686410408,0,0.0,446.93333333333334,0,104,8871,em2021
go-em2021-alta,round_robin,46,305e2b27726305e196eea090fabc312280b39e1f,162.76822416379952,75205.11313071538,0,0.0,446.6666666666667,0,109,6884,em2021
go-em2021-alta,round_robin,47,305e2b27726305e196eea090fabc312280b39e1f,162.88011980582291,75259.4032960491,0,0.0,447.1,0,109,6042,em2021
go-em2021-alta,round_robin,48,305e2b27726305e196eea090fabc312280b39e1f,162.80525373434057,75222.20771102539,0,0.0,446.7,0,107,6037,em2021
go-em2021-alta,round_robin,49,305e2b27726305e196eea090fabc312280b39e1f,162.67322690429143,75145.66520014552,0,0.0,446.775,0,109,4264,em2021
go-em2021-alta,round_robin,50,305e2b27726305e196eea090fabc312280b39e1f,162.5973784481972,75149.49495104069,0,0.0,446.6166666666667,0,106,4433,em2021
go-em2021-alta,round_robin,51,305e2b27726305e196eea090fabc312280b39e1f,162.7458777235454,75112.39626036474,0,0.0,446.2708333333333,0,107,4517,em2021
go-em2021-alta,worst_fit,42,305e2b27726305e196eea090fabc312280b39e1f,143.90192558713645,66231.21166515276,0,0.0,366.5708333333333,0,270,11469,em2021
go-em2021-alta,worst_fit,43,305e2b27726305e196eea090fabc312280b39e1f,144.03231179157478,66446.06625292676,0,0.0,365.43333333333334,0,272,12915,em2021
go-em2021-alta,worst_fit,44,305e2b27726305e196eea090fabc312280b39e1f,143.99430387616843,66551.99168766045,0,0.0,367.89166666666665,0,271,10481,em2021
go-em2021-alta,worst_fit,45,305e2b27726305e196eea090fabc312280b39e1f,144.0347232750737,66473.07098513146,0,0.0,366.09166666666664,0,279,12599,em2021
go-em2021-alta,worst_fit,46,305e2b27726305e196eea090fabc312280b39e1f,142.95619814936234,65853.64526749132,0,0.0,362.0833333333333,0,264,14970,em2021
go-em2021-alta,worst_fit,47,305e2b27726305e196eea090fabc312280b39e1f,144.2360625899522,66899.24919628301,0,0.0,368.325,0,280,15254,em2021
go-em2021-alta,worst_fit,48,305e2b27726305e196eea090fabc312280b39e1f,144.67327076267148,66936.02129858383,0,0.0,367.94166666666666,0,270,12684,em2021
go-em2021-alta,worst_fit,49,305e2b27726305e196eea090fabc312280b39e1f,144.20037328387122,66645.55412887818,0,0.0,367.93333333333334,0,279,12748,em2021
go-em2021-alta,worst_fit,50,305e2b27726305e196eea090fabc312280b39e1f,143.47805339563206,66180.62612109026,0,0.0,364.2583333333333,0,279,13594,em2021
go-em2021-alta,worst_fit,51,305e2b27726305e196eea090fabc312280b39e1f,144.06834684525802,66488.3494523745,0,0.0,365.48333333333335,0,278,11701,em2021
go-em2021-alta,wsnb,42,305e2b27726305e196eea090fabc312280b39e1f,143.40283136030632,63756.23373913199,0,0.0,391.30833333333334,0,345,11754,em2021
go-em2021-alta,wsnb,43,305e2b27726305e196eea090fabc312280b39e1f,143.39061287567776,63642.501895640984,0,0.0,391.0833333333333,0,209,11301,em2021
go-em2021-alta,wsnb,44,305e2b27726305e196eea090fabc312280b39e1f,144.12808293680894,63968.508346801995,0,0.0,392.3541666666667,0,315,9955,em2021
go-em2021-alta,wsnb,45,305e2b27726305e196eea090fabc312280b39e1f,144.0502311428373,63974.51654954564,0,0.0,392.1333333333333,0,285,11019,em2021
go-em2021-alta,wsnb,46,305e2b27726305e196eea090fabc312280b39e1f,143.22418093827037,63472.679215659264,0,0.0,390.0083333333333,0,281,11100,em2021
go-em2021-alta,wsnb,47,305e2b27726305e196eea090fabc312280b39e1f,144.0086266596644,63939.491095441335,0,0.0,392.0416666666667,0,331,11852,em2021
go-em2021-alta,wsnb,48,305e2b27726305e196eea090fabc312280b39e1f,143.66505990983646,63693.91377561227,0,0.0,391.1791666666667,0,288,12714,em2021
go-em2021-alta,wsnb,49,305e2b27726305e196eea090fabc312280b39e1f,143.54069068514002,63669.08842222482,0,0.0,389.92083333333335,0,259,12769,em2021
go-em2021-alta,wsnb,50,305e2b27726305e196eea090fabc312280b39e1f,143.46957499939225,63682.52184169155,0,0.0,390.45416666666665,0,255,8418,em2021
go-em2021-alta,wsnb,51,305e2b27726305e196eea090fabc312280b39e1f,143.09608743364328,63563.96858688789,0,0.0,390.8041666666667,0,328,7774,em2021
go-em2021-folgada,best_fit,42,305e2b27726305e196eea090fabc312280b39e1f,40.77733679811122,19300.5001798458,0,0.0,144.1875,0,0,2245,em2021
go-em2021-folgada,best_fit,43,305e2b27726305e196eea090fabc312280b39e1f,42.771528004405894,20132.559994404288,0,0.0,148.91666666666666,0,0,2196,em2021
go-em2021-folgada,best_fit,44,305e2b27726305e196eea090fabc312280b39e1f,40.879437551061784,19363.993966425984,0,0.0,145.82083333333333,0,0,2832,em2021
go-em2021-folgada,best_fit,45,305e2b27726305e196eea090fabc312280b39e1f,41.3118216428402,20228.761246796927,0,0.0,145.35833333333332,0,0,2520,em2021
go-em2021-folgada,best_fit,46,305e2b27726305e196eea090fabc312280b39e1f,41.659425470194975,19966.433992860744,0,0.0,145.76666666666668,0,0,2431,em2021
go-em2021-folgada,best_fit,47,305e2b27726305e196eea090fabc312280b39e1f,40.25354270323522,19728.472504407135,0,0.0,144.4625,0,0,2211,em2021
go-em2021-folgada,best_fit,48,305e2b27726305e196eea090fabc312280b39e1f,38.37505901014005,18779.704048355972,0,0.0,141.7875,0,0,3032,em2021
go-em2021-folgada,best_fit,49,305e2b27726305e196eea090fabc312280b39e1f,41.35484345424331,19834.381086990466,0,0.0,145.34166666666667,0,0,2341,em2021
go-em2021-folgada,best_fit,50,305e2b27726305e196eea090fabc312280b39e1f,40.87212028108729,19246.68011448072,0,0.0,146.44166666666666,0,0,3052,em2021
go-em2021-folgada,best_fit,51,305e2b27726305e196eea090fabc312280b39e1f,41.28207143932528,19677.05564535067,0,0.0,146.68333333333334,0,0,2879,em2021
go-em2021-folgada,bfd,42,305e2b27726305e196eea090fabc312280b39e1f,40.048474992046685,19328.143898966788,0,0.0,141.975,0,0,2895,em2021
go-em2021-folgada,bfd,43,305e2b27726305e196eea090fabc312280b39e1f,41.01079608095159,19466.30335379405,0,0.0,141.79583333333332,0,0,5152,em2021
go-em2021-folgada,bfd,44,305e2b27726305e196eea090fabc312280b39e1f,40.382629323205194,19235.990767966563,0,0.0,141.59583333333333,0,0,3630,em2021
go-em2021-folgada,bfd,45,305e2b27726305e196eea090fabc312280b39e1f,40.697575764886885,19333.94227239204,0,0.0,141.48333333333332,0,0,3607,em2021
go-em2021-folgada,bfd,46,305e2b27726305e196eea090fabc312280b39e1f,40.84596626932722,19241.661593396228,0,0.0,140.97916666666666,0,0,3833,em2021
go-em2021-folgada,bfd,47,305e2b27726305e196eea090fabc312280b39e1f,38.89570022100135,18957.19537034544,0,0.0,140.85833333333332,0,0,3594,em2021
go-em2021-folgada,bfd,48,305e2b27726305e196eea090fabc312280b39e1f,37.72027265442564,18538.06054474227,0,0.0,138.03333333333333,0,0,3585,em2021
go-em2021-folgada,bfd,49,305e2b27726305e196eea090fabc312280b39e1f,40.98639601265755,19129.80591999135,0,0.0,140.54166666666666,0,0,3769,em2021
go-em2021-folgada,bfd,50,305e2b27726305e196eea090fabc312280b39e1f,39.63934220408872,18795.18185985651,0,0.0,141.71666666666667,0,0,2755,em2021
go-em2021-folgada,bfd,51,305e2b27726305e196eea090fabc312280b39e1f,39.454654961105284,18718.1347905198,0,0.0,137.6625,0,0,3504,em2021
go-em2021-folgada,cnemesis,42,305e2b27726305e196eea090fabc312280b39e1f,35.09585270977999,5603.6104074822015,460,3768577.672800064,97.67083333333333,669,0,9919,em2021
go-em2021-folgada,cnemesis,43,305e2b27726305e196eea090fabc312280b39e1f,36.1139142704828,5974.916109632836,460,3768471.130340576,100.89583333333333,557,0,10299,em2021
go-em2021-folgada,cnemesis,44,305e2b27726305e196eea090fabc312280b39e1f,34.42898697545323,5334.294355814208,460,3768470.758372307,97.41666666666667,312,0,9804,em2021
go-em2021-folgada,cnemesis,45,305e2b27726305e196eea090fabc312280b39e1f,34.2805111742751,5171.223518174921,460,3768320.0,97.70416666666667,0,0,10024,em2021
go-em2021-folgada,cnemesis,46,305e2b27726305e196eea090fabc312280b39e1f,35.42741648889757,5814.526435429836,460,3768462.0142936707,98.1625,233,0,10745,em2021
go-em2021-folgada,cnemesis,47,305e2b27726305e196eea090fabc312280b39e1f,34.9088357025112,5524.957785684601,460,3768616.5056037903,96.475,592,0,11657,em2021
go-em2021-folgada,cnemesis,48,305e2b27726305e196eea090fabc312280b39e1f,32.61962984258251,4649.853606116929,460,3768412.259498596,93.94583333333334,832,0,11244,em2021
go-em2021-folgada,cnemesis,49,305e2b27726305e196eea090fabc312280b39e1f,34.464973307607096,5274.8845820011375,460,3768386.542134285,99.29166666666667,439,0,10209,em2021
go-em2021-folgada,cnemesis,50,305e2b27726305e196eea090fabc312280b39e1f,34.094389293134164,5282.958625332915,460,3768539.450293541,96.27083333333333,808,0,10034,em2021
go-em2021-folgada,cnemesis,51,305e2b27726305e196eea090fabc312280b39e1f,35.85262647808114,6009.9892387602185,460,3768525.9836187363,97.48333333333333,1336,0,9856,em2021
go-em2021-folgada,ffd,42,305e2b27726305e196eea090fabc312280b39e1f,36.73202533522615,19296.54770537742,0,0.0,101.29166666666667,0,0,1985,em2021
go-em2021-folgada,ffd,43,305e2b27726305e196eea090fabc312280b39e1f,37.04509046574988,19098.806236473556,0,0.0,103.425,0,0,1663,em2021
go-em2021-folgada,ffd,44,305e2b27726305e196eea090fabc312280b39e1f,37.874038608234706,19499.024022685302,0,0.0,105.45,0,0,1377,em2021
go-em2021-folgada,ffd,45,305e2b27726305e196eea090fabc312280b39e1f,36.560851544624555,19685.76650048035,0,0.0,99.88333333333334,0,0,1825,em2021
go-em2021-folgada,ffd,46,305e2b27726305e196eea090fabc312280b39e1f,37.41097801385287,19510.038593330897,0,0.0,101.49166666666666,0,0,1873,em2021
go-em2021-folgada,ffd,47,305e2b27726305e196eea090fabc312280b39e1f,36.32373213133216,19368.127173058274,0,0.0,97.925,0,0,1955,em2021
go-em2021-folgada,ffd,48,305e2b27726305e196eea090fabc312280b39e1f,35.42150972511135,19374.820123259255,0,0.0,96.05,0,0,1883,em2021
go-em2021-folgada,ffd,49,305e2b27726305e196eea090fabc312280b39e1f,36.51861044437604,19414.381960499028,0,0.0,100.39583333333333,0,0,1273,em2021
go-em2021-folgada,ffd,50,305e2b27726305e196eea090fabc312280b39e1f,36.916718201432936,19280.738528289934,0,0.0,100.77083333333333,0,0,1863,em2021
go-em2021-folgada,ffd,51,305e2b27726305e196eea090fabc312280b39e1f,36.899401958117004,19370.176764364143,0,0.0,98.425,0,0,1756,em2021
go-em2021-folgada,first_fit,42,305e2b27726305e196eea090fabc312280b39e1f,40.65753554164268,20413.4644084231,0,0.0,102.075,0,0,831,em2021
go-em2021-folgada,first_fit,43,305e2b27726305e196eea090fabc312280b39e1f,40.72585488104677,20358.88372019653,0,0.0,104.20416666666667,0,0,910,em2021
go-em2021-folgada,first_fit,44,305e2b27726305e196eea090fabc312280b39e1f,39.63369101259263,20276.288984428134,0,0.0,101.40416666666667,0,0,893,em2021
go-em2021-folgada,first_fit,45,305e2b27726305e196eea090fabc312280b39e1f,39.383900581208835,20090.239237874932,0,0.0,100.87083333333334,0,0,1682,em2021
go-em2021-folgada,first_fit,46,305e2b27726305e196eea090fabc312280b39e1f,40.39281411083665,20487.724214783168,0,0.0,101.62083333333334,0,0,884,em2021
go-em2021-folgada,first_fit,47,305e2b27726305e196eea090fabc312280b39e1f,40.5941244370327,20355.103617635406,0,0.0,104.35,0,0,885,em2021
go-em2021-folgada,first_fit,48,305e2b27726305e196eea090fabc312280b39e1f,37.79726265872417,19775.666191795215,0,0.0,97.15833333333333,0,0,1551,em2021
go-em2021-folgada,first_fit,49,305e2b27726305e196eea090fabc312280b39e1f,39.77670391837042,19973.14456529562,0,0.0,104.50833333333334,0,0,1623,em2021
go-em2021-folgada,first_fit,50,305e2b27726305e196eea090fabc312280b39e1f,39.76926947174763,19999.202589491124,0,0.0,103.9875,0,0,1783,em2021
go-em2021-folgada,first_fit,51,305e2b27726305e196eea090fabc312280b39e1f,40.191990567329206,20133.95186252849,0,0.0,101.20833333333333,0,0,1810,em2021
go-em2021-folgada,follow_renewables,42,305e2b27726305e196eea090fabc312280b39e1f,34.52041246556202,5195.547293374743,12,375992.9832639694,95.775,7255,0,14643,em2021
go-em2021-folgada,follow_renewables,43,305e2b27726305e196eea090fabc312280b39e1f,36.0196861387838,5876.710506096304,24,761028.7405614853,94.94583333333334,4683,0,15085,em2021
go-em2021-folgada,follow_renewables,44,305e2b27726305e196eea090fabc312280b39e1f,33.891329812534,4965.565421216911,15,414395.78504276276,94.61666666666666,2602,0,16069,em2021
go-em2021-folgada,follow_renewables,45,305e2b27726305e196eea090fabc312280b39e1f,33.96610735368066,4965.736199133391,16,519720.3610305786,93.075,5593,0,15984,em2021
go-em2021-folgada,follow_renewables,46,305e2b27726305e196eea090fabc312280b39e1f,35.38749083130049,5681.679362530573,12,303990.14918231964,95.98333333333333,1461,0,15695,em2021
go-em2021-folgada,follow_renewables,47,305e2b27726305e196eea090fabc312280b39e1f,33.69127336082092,4922.3100603112725,13,454362.5740661621,93.87083333333334,2011,0,14706,em2021
go-em2021-folgada,follow_renewables,48,305e2b27726305e196eea090fabc312280b39e1f,33.21655324217167,4689.773528659551,16,439176.23801898956,92.3125,1964,0,12231,em2021
go-em2021-folgada,follow_renewables,49,305e2b27726305e196eea090fabc312280b39e1f,33.693689388107565,4940.782609072985,17,676227.7908906937,93.17083333333333,3814,0,13580,em2021
go-em2021-folgada,follow_renewables,50,305e2b27726305e196eea090fabc312280b39e1f,34.51318463845908,5325.067943658323,15,528531.7824659348,94.62916666666666,2791,0,13718,em2021
go-em2021-folgada,follow_renewables,51,305e2b27726305e196eea090fabc312280b39e1f,34.227257193986475,5173.1839020109,12,448296.9213037491,94.40416666666667,1012,0,15128,em2021
go-em2021-folgada,followme_s,42,305e2b27726305e196eea090fabc312280b39e1f,34.765430801311624,5533.600930229345,1150,9421621.98268509,95.4,1760,0,16227,em2021
go-em2021-folgada,followme_s,43,305e2b27726305e196eea090fabc312280b39e1f,35.043755908117404,5734.565610708575,1087,8911657.45137024,95.6375,3927,0,14706,em2021
go-em2021-folgada,followme_s,44,305e2b27726305e196eea090fabc312280b39e1f,33.401908091854125,5053.148266771639,1149,9430210.440084457,94.27083333333333,1116,0,14527,em2021
go-em2021-folgada,followme_s,45,305e2b27726305e196eea090fabc312280b39e1f,33.30325464637335,4896.670021639712,1136,9340734.134526253,92.7375,1017,0,16971,em2021
go-em2021-folgada,followme_s,46,305e2b27726305e196eea090fabc312280b39e1f,35.19459520689181,5722.980821941008,1149,9419907.611849785,96.1875,1711,0,15321,em2021
go-em2021-folgada,followme_s,47,305e2b27726305e196eea090fabc312280b39e1f,34.13217268082631,5297.275164734001,1146,9388995.643943787,93.525,4933,0,15910,em2021
go-em2021-folgada,followme_s,48,305e2b27726305e196eea090fabc312280b39e1f,32.00381553150879,4589.639049771913,1150,9428665.91332531,91.81666666666666,1723,0,12708,em2021
go-em2021-folgada,followme_s,49,305e2b27726305e196eea090fabc312280b39e1f,34.42994516984116,5342.724799644998,1130,9191547.420928955,98.15833333333333,984,0,15170,em2021
go-em2021-folgada,followme_s,50,305e2b27726305e196eea090fabc312280b39e1f,33.56084275659454,5202.288704327988,1143,9407651.412566185,93.20416666666667,2190,0,16003,em2021
go-em2021-folgada,followme_s,51,305e2b27726305e196eea090fabc312280b39e1f,35.11870287727653,5823.20988773712,1143,9273567.903767586,95.3875,3254,0,10913,em2021
go-em2021-folgada,lowest_carbon_dc,42,305e2b27726305e196eea090fabc312280b39e1f,35.370719404320255,5672.064674137457,0,0.0,97.9875,0,0,4681,em2021
go-em2021-folgada,lowest_carbon_dc,43,305e2b27726305e196eea090fabc312280b39e1f,36.28997050899373,6040.192823653757,0,0.0,101.84583333333333,0,0,4729,em2021
go-em2021-folgada,lowest_carbon_dc,44,305e2b27726305e196eea090fabc312280b39e1f,34.651316537287386,5352.435231113859,0,0.0,98.8375,0,0,4198,em2021
go-em2021-folgada,lowest_carbon_dc,45,305e2b27726305e196eea090fabc312280b39e1f,34.533883306716405,5242.449953096285,0,0.0,98.8125,0,0,4464,em2021
go-em2021-folgada,lowest_carbon_dc,46,305e2b27726305e196eea090fabc312280b39e1f,35.69535419818972,5866.178855491429,0,0.0,98.65416666666667,0,0,4497,em2021
go-em2021-folgada,lowest_carbon_dc,47,305e2b27726305e196eea090fabc312280b39e1f,35.41887008103028,5698.370601471599,0,0.0,98.78333333333333,0,0,4618,em2021
go-em2021-folgada,lowest_carbon_dc,48,305e2b27726305e196eea090fabc312280b39e1f,33.01976995418437,4732.4125854895565,0,0.0,95.18333333333334,0,0,4561,em2021
go-em2021-folgada,lowest_carbon_dc,49,305e2b27726305e196eea090fabc312280b39e1f,34.983397499712005,5456.298444102975,0,0.0,101.34583333333333,0,0,4244,em2021
go-em2021-folgada,lowest_carbon_dc,50,305e2b27726305e196eea090fabc312280b39e1f,34.88194606725732,5565.047249012574,0,0.0,99.75,0,0,5102,em2021
go-em2021-folgada,lowest_carbon_dc,51,305e2b27726305e196eea090fabc312280b39e1f,36.388966759276755,6183.454313097466,0,0.0,99.47083333333333,0,0,4445,em2021
go-em2021-folgada,round_robin,42,305e2b27726305e196eea090fabc312280b39e1f,137.35699509592743,62655.84703675447,0,0.0,381.47083333333336,0,4,1199,em2021
go-em2021-folgada,round_robin,43,305e2b27726305e196eea090fabc312280b39e1f,136.35564867722397,60764.866614738035,0,0.0,378.00416666666666,0,6,2100,em2021
go-em2021-folgada,round_robin,44,305e2b27726305e196eea090fabc312280b39e1f,137.94174642419495,63175.335335931544,0,0.0,383.8125,0,7,1024,em2021
go-em2021-folgada,round_robin,45,305e2b27726305e196eea090fabc312280b39e1f,138.07091357430141,64217.364501766584,0,0.0,384.2,0,7,1291,em2021
go-em2021-folgada,round_robin,46,305e2b27726305e196eea090fabc312280b39e1f,139.2988817051867,64025.914726054274,0,0.0,388.3875,0,1,1674,em2021
go-em2021-folgada,round_robin,47,305e2b27726305e196eea090fabc312280b39e1f,134.14893969322682,60540.74409551725,0,0.0,373.34583333333336,0,2,1895,em2021
go-em2021-folgada,round_robin,48,305e2b27726305e196eea090fabc312280b39e1f,137.5953415744121,62758.289470660566,0,0.0,382.47083333333336,0,2,1055,em2021
go-em2021-folgada,round_robin,49,305e2b27726305e196eea090fabc312280b39e1f,137.31041434354077,62104.97071909406,0,0.0,383.975,0,6,1062,em2021
go-em2021-folgada,round_robin,50,305e2b27726305e196eea090fabc312280b39e1f,137.2271660476491,62800.52864620737,0,0.0,381.7875,0,5,1476,em2021
go-em2021-folgada,round_robin,51,305e2b27726305e196eea090fabc312280b39e1f,135.12730870987914,62546.59029482174,0,0.0,377.8333333333333,0,3,1792,em2021
go-em2021-folgada,worst_fit,42,305e2b27726305e196eea090fabc312280b39e1f,66.88999027072182,30722.858909777027,0,0.0,88.0375,0,25,2521,em2021
go-em2021-folgada,worst_fit,43,305e2b27726305e196eea090fabc312280b39e1f,67.35185508766546,30947.35347583275,0,0.0,88.65416666666667,0,25,2953,em2021
go-em2021-folgada,worst_fit,44,305e2b27726305e196eea090fabc312280b39e1f,67.35191171413695,31111.005674098164,0,0.0,88.59583333333333,0,25,2439,em2021
go-em2021-folgada,worst_fit,45,305e2b27726305e196eea090fabc312280b39e1f,67.8699752870222,31437.24445599081,0,0.0,89.2875,0,25,2905,em2021
go-em2021-folgada,worst_fit,46,305e2b27726305e196eea090fabc312280b39e1f,67.48241707827124,31163.11450956757,0,0.0,88.82083333333334,0,25,2304,em2021
go-em2021-folgada,worst_fit,47,305e2b27726305e196eea090fabc312280b39e1f,66.70886321992158,30867.44884566503,0,0.0,87.74166666666666,0,25,2211,em2021
go-em2021-folgada,worst_fit,48,305e2b27726305e196eea090fabc312280b39e1f,67.71876438692125,31309.01076837064,0,0.0,89.13333333333334,0,25,2854,em2021
go-em2021-folgada,worst_fit,49,305e2b27726305e196eea090fabc312280b39e1f,67.18108789256635,30925.42336979898,0,0.0,88.36666666666666,0,25,2543,em2021
go-em2021-folgada,worst_fit,50,305e2b27726305e196eea090fabc312280b39e1f,67.29328852803188,31056.18333941786,0,0.0,88.51666666666667,0,26,2451,em2021
go-em2021-folgada,worst_fit,51,305e2b27726305e196eea090fabc312280b39e1f,67.00421490807983,30819.790324129004,0,0.0,88.1625,0,25,2220,em2021
go-em2021-folgada,wsnb,42,305e2b27726305e196eea090fabc312280b39e1f,37.744790181107824,6825.756252160778,0,0.0,109.89583333333333,0,0,1961,em2021
go-em2021-folgada,wsnb,43,305e2b27726305e196eea090fabc312280b39e1f,38.02168340272842,6961.328107407211,0,0.0,110.17916666666666,0,0,2741,em2021
go-em2021-folgada,wsnb,44,305e2b27726305e196eea090fabc312280b39e1f,36.69938590376613,6533.146839532958,0,0.0,108.22083333333333,0,0,2544,em2021
go-em2021-folgada,wsnb,45,305e2b27726305e196eea090fabc312280b39e1f,36.809580629312656,6382.245204262021,0,0.0,108.70416666666667,0,0,2625,em2021
go-em2021-folgada,wsnb,46,305e2b27726305e196eea090fabc312280b39e1f,38.01819386788899,6985.198810842761,0,0.0,109.46666666666667,0,0,2517,em2021
go-em2021-folgada,wsnb,47,305e2b27726305e196eea090fabc312280b39e1f,36.5139340902183,6309.1900600063655,0,0.0,107.7375,0,0,2111,em2021
go-em2021-folgada,wsnb,48,305e2b27726305e196eea090fabc312280b39e1f,34.7612426681883,5567.769144696895,0,0.0,106.14583333333333,0,0,2713,em2021
go-em2021-folgada,wsnb,49,305e2b27726305e196eea090fabc312280b39e1f,36.90205176559039,6447.422304894531,0,0.0,109.18333333333334,0,0,2067,em2021
go-em2021-folgada,wsnb,50,305e2b27726305e196eea090fabc312280b39e1f,36.62641479486477,6520.072717825917,0,0.0,109.04166666666667,0,0,1761,em2021
go-em2021-folgada,wsnb,51,305e2b27726305e196eea090fabc312280b39e1f,37.29846691084696,6775.185975957529,0,0.0,108.66666666666667,0,0,2099,em2021
