id,local_no_artigo,afirmacao,numero_antigo,numero_novo,direcao_preservada,status_estatistico_mudou,estado_final,sensivel_ao_desempate,risco,nota
A-01,resumo; secao migracao (L256),Ganho máximo de emissões com migração sob carga alta e sinal variável: follow_renewables ante lowest_carbon_dc.,"-4,76% e -9,84% (Azure); -1,27% e -1,71% (Google); p_holm <= 0,012; r = -1,00 em tres delas; BCa 95% [-3,167; -2,607] gCO2e em az-realjun-alta","Nas quatro células de carga alta com sinal variável, todas de fase 1 e portanto com n = 30: -5,6777% (az-realjun-alta), -11,5796% (az-anticorr-alta), -1,9316% (go-realjun-alta) e -2,3983% (go-anticorr-alta); r = -1,00 nas quatro; p sob Holm m = 3 igual a 5,588e-09 nas quatro; BCa 95% [-3.586,0; -3.283,1] gCO2e em az-realjun-alta. No recorte pareado das sementes 42-51: -5,7646%, -11,4114%, -1,9745% e -2,5164% [origem: ../reanalise-canonica/out/familia_primaria_holm3.csv] [origem: ../reanalise-canonica/out/nivel3_extracoes.txt#A-01]",sim,nao,preservada_com_magnitude_revisada,sim,alto,"É o número de manchete. Os dois contrastes do Google (1,27% e 1,71%) são menores que o deslocamento máximo medido na sonda; o de 9,84% não é. follow_renewables divergiu na sonda em 18 de 68 pares, todos em carga alta — exatamente o regime desta afirmação. A conclusão sobrevive inteira: as quatro direções se preservam, as quatro permanecem significativas e r = -1,00 continua nas quatro (agora em todas, não em três). O que muda é a magnitude, e ela AUMENTA em todos os quatro contrastes: 4,76 → 5,68, 9,84 → 11,58, 1,27 → 1,93 e 1,71 → 2,40. O resumo cita ""até 9,84%"" e passa a citar 11,58%; nenhum número do artigo pode ser mantido. Marcada como sensível ao desempate porque o deslocamento é da ordem de 20% a 50% do próprio efeito nos dois contrastes do Google, cujos valores antigos (1,27% e 1,71%) estão abaixo do deslocamento máximo medido na sonda A/B. O recorte pareado 42-51 confirma que o deslocamento não é efeito do tamanho de amostra: com as mesmas 10 sementes dos dois lados os valores são -5,7646%, -11,4114%, -1,9745% e -2,5164%, praticamente iguais aos de n = 30. O p sob Holm de 5,588e-09 é o piso do teste exato de Wilcoxon com 30 pares multiplicado por m = 3, não evidência mais forte que os 0,012 antigos: com 10 pares o piso era 0,001953. Os dois valores dizem ""o menor p que este desenho permite"" e o texto não pode apresentar o segundo como resultado mais forte. Divergência de unidade preservada, não corrigida em silêncio: o BCa antigo está registrado como ""[-3,167; -2,607] gCO2e"", numericamente incompatível com um efeito de -4,76% sobre uma média da ordem de 6,05e+04 gCO2e — o intervalo antigo está na escala de kgCO2e. O intervalo canônico [-3.586,0; -3.283,1] está em gCO2e, coerente com a métrica bruta. Trata-se de erro de unidade no artigo antigo, independente do desempate, e precisa ser corrigido explicitamente no texto."
A-02,resumo; secao rede (L260),"Sob WAN de 100 Mb/s, os tres algoritmos com migracao tornam-se equivalentes a lowest_carbon_dc dentro de +-1% em az-realjun-alta.","-0,08% a -0,10%; TOST p = 0,00098","Os três contrastes continuam equivalentes dentro de ±1%, com diferenças de -0,0266% (cnemesis), -0,0966% (follow_renewables) e -0,1439% (followme_s); TOST p = 9,766e-04 nos três, contra 0,00098 antes [origem: ../reanalise-canonica/out/tost_equivalencia_1pct.csv] [origem: ../reanalise-canonica/out/nivel3_extracoes.txt#A-02]",sim,nao,preservada_com_magnitude_revisada,sim,alto,"Equivalência dentro de ±1% com deslocamento medido de até 2,46%. É a afirmação mais exposta do artigo: o desempate sozinho pode empurrar um contraste para fora da janela de equivalência. Não empurrou. A conclusão sobrevive nos três contrastes e a margem para a borda da janela é larga: o maior efeito é 0,1439%, um sétimo do limite de 1%. A atribuição ao desempate é limpa, e este é o caso mais bem controlado da matriz: `net100-az-realjun-alta` tem n = 10 nas duas campanhas, de modo que o TOST p é o mesmo piso do teste exato com 10 pares (9,766e-04, que o artigo arredondou para 0,00098) e a única diferença entre os dois lados é a política de desempate. Marcada como sensível porque a faixa citada muda de forma: era ""-0,08% a -0,10%"", uma faixa estreita de três valores próximos, e passa a ser ""-0,03% a -0,14%"", quase cinco vezes mais larga em termos relativos. O cnemesis cai a um terço do valor antigo e o followme_s sobe a quase o dobro. A frase do artigo que apresenta os três como praticamente indistinguíveis entre si precisa ser reescrita; a equivalência a lowest_carbon_dc, que é o que a afirmação de fato sustenta, permanece. Ressalva independente do desempate: R-NET100-ISOLADO — a configuração de rede restrita não isola a largura de banda da WAN de outros efeitos de topologia."
A-03,secao resultados negativos (L303),cnemesis supera lowest_carbon_dc em 16 das 22 configuracoes.,"16/22 significativas; ausente em carga alta no Google, sob rede restrita em carga alta e em geo3-go; go-anticorr-alta inverte para +0,20% (nao significativo, BCa cruzando zero)","Sobre as MESMAS 22 configurações: 18/22 significativas e favoráveis a cnemesis, 1/22 significativa CONTRA cnemesis e 3/22 não significativas. A configuração contrária é geo3-go-realjun-folgada, com +3,1175%, BCa 95% [184,7; 413,5] gCO2e inteiramente acima de zero e p sob Holm m = 3 de 0,00586. As três não significativas são go-anticorr-alta (-0,2520%, p = 0,1347), go-flat-alta (-0,0788%, p sob Holm 0,2382) e net100-az-realjun-alta (-0,0266%, p = 0,5566) [origem: ../reanalise-canonica/out/familia_primaria_holm3.csv] [origem: ../reanalise-canonica/out/nivel3_extracoes.txt#A-03]",parcial,sim,reformulada,sim,alto,"cnemesis teve o comparador alterado e divergiu em 70 de 70 pares da sonda, com efeito de -1,69% a +1,50%. A contagem 16/22 é uma soma de decisões binárias em torno de um limiar; qualquer configuração próxima do limiar pode trocar de lado. O caso +0,20% já está dentro do ruído do desempate. A contagem sobe de 16 para 18, mas não é isso que obriga a reformular. São duas mudanças qualitativas. Primeira, a estrutura de exceções se mantém em duas das três posições e quebra na terceira. ""Ausente em carga alta no Google"" e ""ausente sob rede restrita em carga alta"" continuam valendo (go-anticorr-alta, go-flat-alta e net100-az-realjun-alta). ""Ausente em geo3-go"" deixa de valer: naquela configuração cnemesis agora é significativamente PIOR que lowest_carbon_dc, com efeito de +3,12% e intervalo BCa que não cruza zero. Não significativo e significativamente contrário são estados diferentes, e o texto não pode descrever o segundo com a palavra do primeiro. Segunda, o caso de inversão citado no artigo desaparece e outro aparece em lugar diferente. go-anticorr-alta era ""+0,20%, não significativo, BCa cruzando zero"" e passa a -0,2520%, ainda não significativo mas com o sinal esperado; a frase sobre a inversão de sinal ali não tem mais suporte. Em compensação surge uma inversão real, significativa e de magnitude uma ordem de grandeza maior, em geo3-go-realjun-folgada. Trocar um caso pelo outro exige reescrever a frase inteira, não apenas o número. A atribuição ao desempate é limpa nas duas configurações que mudam de lado: geo3-go-realjun-folgada e go-anticorr-alta têm n = 10 e n = 30 respectivamente, mas a segunda mudou apenas de magnitude, e a primeira tem n = 10 nas duas campanhas. Ressalva independente do desempate, já registrada: a configuração geo3 não isola a topologia — leque de destinos e pressão de carga mudam juntos —, de modo que a inversão observada ali não deve ser lida como efeito puro do número de data centers."
A-04,secao em2021 (L326),Com dados reais (Electricity Maps 2021) a direcao se preserva em 9 dos 12 contrastes; 11 dos 12 significativos contra 9 dos 12 sob perfil sintetico.,"9/12 direcao; 11/12 vs 9/12 significancia; go-alta follow_renewables de -1,27% para -0,62% (p_holm 0,0117 e 0,0195); inversao do primeiro colocado em carga moderada; tau 0,77 a 0,96","10/12 de direção preservada e 0/12 de inversão de sinal — os dois contrastes restantes são empate empírico exato de follow_renewables com lowest_carbon_dc nas duas células de carga folgada; 11/12 contra 10/12 de significância sob Holm m = 3, com contagem idêntica na versão pareada por poder (n = 10 dos dois lados) e na assimétrica (n = 30 no lado sintético); τ_b de 0,8074 a 1,0000; troca do primeiro colocado em 1 das 4 células (go-em2021-folgada, follow_renewables → followme_s) [origem: ../reanalise-canonica/out/a04_contrastes_pareados.csv] [origem: ../reanalise-canonica/out/a04_tau_ranking.csv] [origem: ../reanalise-canonica/out/a04_digest.txt]",parcial,sim,reformulada,sim,alto,"As duas contagens sobem (9 → 10 e 9 → 10), mas o que obriga a reformular não é o número: é a explicação. O artigo declara que 2 dos 3 contrastes que mudam de direção são ""inversoes triviais entre valores proximos de zero"". Sob o binário canônico não há nenhuma inversão de sinal; os dois contrastes que não preservam direção têm diferença média EXATAMENTE nula no lado sintético, o que é outro fenômeno — empate empírico, não inversão trivial. A frase do artigo não pode ser mantida. A atribuição ao desempate é limpa: a versão de destaque compara os dois lados com as mesmas sementes 42-51 e n = 10, de modo que a política de desempate é a única diferença em relação ao cálculo antigo. O confundimento de poder que motivou a versão pareada (n = 10 no real contra n = 30 no sintético) foi medido e deu zero contrastes alterados; registra-se o zero, e o pareamento continua obrigatório em qualquer outra comparação entre células de n diferente. O empate empírico não reduz a família: ocupa a vaga com p = 1 (RE-2), e nenhuma das oito células satisfaz o critério estrutural a priori [origem: ../alocacao-identica/out/criterio-a-priori.txt]."
A-05,secao seeds (L336),O ranking por gCO2e permanece estavel ao passar de 10 para 30 seeds.,"tau = 1,0; 0 inversoes em 110 pares; CV entre 8,15% e 10,30% nas 4 combinacoes criticas; delta de CV entre -0,36 e -1,57 p.p.","τ_b mediana 0,9636 e mínima 0,6154, com τ_b = 1,000 em apenas 2 das 12 células distintas; 23 inversões em 660 pares; 0 das 12 células trocam o primeiro colocado. O CV de total_gco2 SOBE ao acrescentar sementes: mediana de 0,77% para 0,89%, máximo de 8,65% para 11,33% e de 6 para 12 combinações acima de 5%, em 132 [origem: ../reanalise-canonica/out/a05_tau_10_vs_30.csv] [origem: ../reanalise-canonica/out/a05_cv_por_combinacao.csv] [origem: ../reanalise-canonica/out/a05_digest.txt]",parcial,nao,reformulada,indeterminado,alto,"Duas razões independentes impedem declarar esta afirmação preservada. Primeira, a forma forte não se sustenta: τ_b = 1,0 com zero inversões vira τ_b mediana 0,9636 com 23 inversões em 660 pares. O que sobrevive é a forma fraca — o primeiro colocado não muda em nenhuma das 12 células —, e é só essa que o texto pode afirmar. Segunda, a população mudou. O cálculo antigo usou net100-go-realjun-folgada e pue-go-realjun-folgada, escolhidas por alto CV, e nenhuma das duas tem 30 sementes na campanha canônica: o núcleo de 30 sementes é a fase 1 [origem: ../reanalise-canonica/out/a05_celulas_sem_30.csv]. Por isso `sensivel_ao_desempate` fica indeterminado: com células diferentes, a diferença em relação ao número antigo não é atribuível ao desempate. A direção da variação do CV também se inverte: era negativa (-0,36 a -1,57 p.p., isto é, mais sementes reduzindo dispersão) e agora é positiva na mediana (+0,07 p.p.). Acrescentar sementes revelou dispersão, não a reduziu, e o texto que sugerir estabilização precisa ser reescrito. `status_estatistico_mudou` é ""nao"" por vacuidade: a afirmação não carrega decisão de significância, nem antes nem agora. Ressalva herdada: a extensão de sementes é continuação determinística do mesmo gerador (R-SEEDS-ESCOPO), e as duas metades foram comparadas apenas quanto à permutabilidade do CV, o que não é prova de independência."
A-06,secao geo3 (L283),"Com 3 data centers a vantagem ciente de carbono cai a 0,77% no Google e deixa de ser significativa.","60,99% -> 8,33% (Azure, p = 0,0020); 66,97% -> 0,77% (Google, p = 0,63, nao significativa)","Azure: 58,7423% na referência com n = 30 (58,3716% no recorte pareado 42-51) contra 2,8952% em geo3-az-realjun-folgada, p = 0,01953, r = -0,818, SIGNIFICATIVA. Google: 65,9902% na referência com n = 30 (65,8856% no recorte pareado) contra 6,3950% em geo3-go-realjun-folgada, p = 0,001953 — o piso do teste exato com 10 pares —, r = -1,00, SIGNIFICATIVA. O melhor ciente de carbono é followme_s nos quatro recortes; o melhor geograficamente cego é first_fit no Azure e ffd no Google [origem: ../reanalise-canonica/out/melhor_ca_vs_melhor_gb.csv] [origem: ../reanalise-canonica/out/a06_geo3_recorte.csv] [origem: ../reanalise-canonica/out/nivel3_extracoes.txt#A-06]",parcial,sim,refutada_pelo_binario_canonico,sim,alto,"O valor de 0,77% é menor que o deslocamento medido. O de 8,33% e os valores de partida (60,99% e 66,97%) são de risco baixo pela magnitude. Ressalva independente do desempate, já registrada no artigo: a configuração não isola a topologia (leque de destinos e pressão de carga mudam juntos). Os dois componentes da frase do artigo são falsos sob o binário canônico. O residual do Google não é 0,77%: é 6,3950%, oito vezes maior. E ele não ""deixa de ser significativo"": é significativo com o menor p que o desenho de 10 sementes permite e com r = -1,00, isto é, followme_s vence o melhor geograficamente cego em todas as 10 sementes. A afirmação está refutada na forma em que foi publicada. O que sobrevive é a direção geral, e só ela: a vantagem ciente de carbono de fato despenca ao passar de 5 para 3 data centers, de 58,74% para 2,90% no Azure e de 65,99% para 6,40% no Google. É essa queda — não o desaparecimento do efeito — que o texto pode afirmar. Note-se que o residual do Azure, que o artigo dava como o caso significativo e maior (8,33%), passa a ser o MENOR dos dois (2,90%): a ordem entre os dois provedores se inverteu. A atribuição ao desempate é limpa: as duas células geo3 têm n = 10 nas duas campanhas, e o recorte pareado 42-51 mostra que as referências praticamente não se movem com o tamanho de amostra (58,74 contra 58,37; 65,99 contra 65,89). A diferença está nas células geo3, exatamente onde o leque de destinos é menor e desempates entre data centers pesam mais. Ressalva herdada: a comparação ""melhor ciente de carbono contra melhor geograficamente cego"" usa a regra de vencedor por postos médios com empates por midrank (RE-2), e a vantagem só é computada quando os dois topos são únicos."
A-07,secao ranking (L236),Estabilidade apenas moderada do ranking entre configuracoes.,"tau de Kendall entre pares das 22 configuracoes: mediana 0,771, minimo 0,299; 13 pares-testemunha de inversao, 8 so entre estaticos; robusto a PUE (tau = 1,000) e a rede em realjun folgada (tau = 1,000; anticorr-folgada 0,926; carga alta 0,964); sensivel a topologia (geo3 0,697) e a capacidade (hetcap 0,881/0,963)","Sobre os mesmos 231 pares das 22 configurações, com τ_b e midrank: mediana 0,7171 e mínimo 0,1122; no recorte pareado das sementes 42-51, mediana 0,7037 e mínimo 0,0748. Pares-testemunha de inversão: 28 (17 só entre estáticos) por total_gco2 e 29 (16) por gco2_por_vm. Célula com intervenção contra a sua base, pareado em 42-51: PUE 1,0000 e 1,0000; rede restrita 0,9630 (az-realjun-folgada), 1,0000 (go-realjun-folgada), 0,8519 (az-anticorr-folgada) e 0,9636 (az-realjun-alta); topologia 0,6973 (geo3-az) e 0,7707 (geo3-go); capacidade heterogênea 0,8441 (hetcap-az-realjun) e 0,9259 (hetcap-az-anticorr) [origem: ../reanalise-canonica/out/a07_estabilidade_ranking.csv] [origem: ../reanalise-canonica/out/a07_tau_recorte_pareado.csv] [origem: ../reanalise-canonica/out/nivel3_extracoes.txt#A-07]",parcial,nao,reformulada,sim,alto,"Rankings de 11 algoritmos com diferenças pequenas entre vizinhos: a posição relativa de dois algoritmos separados por menos de 2,46% pode trocar. Vale inclusive para algoritmos não alterados, cuja posição muda porque os outros mudaram. A tese central — estabilidade apenas moderada — não só se preserva como se REFORÇA, e é por isso que o estado é reformulada e não preservada: os números que o artigo usa para quantificar a moderação ficam todos desatualizados na direção de menos estabilidade. A mediana cai de 0,771 para 0,7171, o mínimo cai de 0,299 para 0,1122 e os pares-testemunha de inversão mais que dobram, de 13 para 28. O mínimo antigo é reproduzido exatamente — az-flat-folgada × az-realjun-alta continua dando 0,299 —, mas agora há quatro pares abaixo dele. Duas afirmações qualitativas do artigo mudam de lado. ""Robusto a PUE (τ = 1,000)"" continua exato nos dois provedores. ""Robusto a rede em realjun folgada (τ = 1,000)"" deixa de valer no Azure, onde cai a 0,9630; permanece exato no Google. As duas sensibilidades declaradas — topologia e capacidade — continuam valendo e ficam mais fortes (hetcap de 0,881/0,963 para 0,8441/0,9259). A leitura de ""13 → 28 pares-testemunha"" exige cuidado: o crescimento é proporcionalmente maior entre estáticos (8 → 17) do que envolvendo migradores, o que é coerente com o mecanismo do desempate. São os algoritmos geograficamente cegos, separados por margens estreitas, os mais expostos a troca de posição. Decisão de método registrada: os τ_b do artefato canônico usam o n de cada célula, 30 na fase 1 e 10 nas intervenções, de modo que todo par que atravessa esses dois grupos mistura desempate com tamanho de amostra. Por isso o número de comparação com a campanha antiga é o do recorte pareado 42-51, calculado em A-07b. O confundimento não é hipotético: pue-az sai de 0,9630 para 1,0000 quando pareado, reproduzindo o controle estrutural exato que A-10 já havia estabelecido, e geo3-az sai de 0,6606 para 0,6973, que é o valor antigo de 0,697 em três casas."
A-08,secao sinal (L228); resultados negativos (L303),Ranking de FFD e BFD e demais posicoes entre estaticos.,"em go-flat-folgada ffd supera lowest_carbon_dc (17.492 contra 18.755 gCO2e; p = 0,0020); bfd descartou 8,2% no Google; por VM atendida bfd cai do 8o ao 10o em go-realjun-alta e do 6o ao 10o em go-anticorr-alta","Em go-flat-folgada, ffd = 17.507,9 contra lowest_carbon_dc = 18.989,9 gCO2e, diferença de -7,8040%, p bruto 1,863e-09 e p sob Holm m = 55 de 1,024e-07, significativo. bfd descartou no máximo 8,12% das VMs nas 9 células Google das 22 (mediana 0,00%), tanto em go-realjun-alta quanto em go-anticorr-alta. Por VM atendida, bfd cai do posto médio 8,0 ao 10,0 em go-realjun-alta e do 6,0 ao 10,0 em go-anticorr-alta. Em 36 das 242 combinações célula × algoritmo o posto muda ao normalizar por VM atendida [origem: ../reanalise-canonica/out/atendimento_e_postos.csv] [origem: ../reanalise-canonica/out/familia_exploratoria_55.csv] [origem: ../reanalise-canonica/out/nivel3_extracoes.txt#A-08]",sim,nao,preservada_com_magnitude_revisada,sim,alto,"ffd e bfd tiveram o comparador alterado e divergiram em 20 de 20 pares cada um na sonda. Nenhum número que os envolva sobrevive da campanha antiga. A previsão se confirmou em parte e falhou em parte, e a parte que falhou é a interessante. Os três componentes qualitativos da afirmação sobrevivem: ffd continua superando lowest_carbon_dc em go-flat-folgada com significância, bfd continua descartando cerca de 8% no Google, e as duas quedas de posto por VM atendida são reproduzidas EXATAMENTE — 8º ao 10º e 6º ao 10º, os mesmos quatro números. As magnitudes se movem pouco no contraste principal (17.492 → 17.507,9 em ffd, 18.755 → 18.989,9 em lowest_carbon_dc) e quase nada no descarte (8,2% → 8,12%). A diferença relativa entre os dois algoritmos passa a -7,80%. Marcada como sensível ao desempate porque a afirmação é sobre POSIÇÃO entre estáticos, e é justamente entre estáticos que os pares-testemunha de inversão mais crescem sob o binário canônico (8 → 17, conforme A-07). Que estes quatro postos específicos tenham sobrevivido intactos é resultado medido, não garantia estrutural; a robustez vale para estes casos e não se estende ao ranking dos estáticos em geral. O p de 1,863e-09 é o piso do teste exato com 30 pares e não é evidência mais forte que os 0,0020 antigos, que eram o piso com 10 pares. A família de 55 pares é a exploratória C(11,2) fixada por RE-2 e não é reduzida por degenerescência."
A-09,resumo; secao sinal (L228),Vantagem dos cientes de carbono sob sinal espacialmente variavel e carga moderada.,"23,7% a 67,0% ante o melhor geograficamente cego, nas 4 configuracoes (p = 0,0020; r = -1,00)","Faixa de 28,3% a 66,0% nas mesmas 4 configurações, com n = 30: az-realjun-folgada +58,7423%, az-anticorr-folgada +37,7972%, go-realjun-folgada +65,9902% e go-anticorr-folgada +28,2982%; p bruto 1,863e-09 e r = -1,00 nas quatro. No recorte pareado das sementes 42-51: +58,3716%, +36,9955%, +65,8856% e +29,0054%, com p = 1,953e-03 nas quatro. O vencedor ciente de carbono é followme_s nas quatro; o melhor geograficamente cego é first_fit no Azure e ffd no Google [origem: ../reanalise-canonica/out/melhor_ca_vs_melhor_gb.csv] [origem: ../reanalise-canonica/out/nivel3_extracoes.txt#A-09]",sim,nao,preservada_com_magnitude_revisada,sim,baixo,"Efeito de uma ordem de grandeza acima do deslocamento medido. Provável preservação, mas o número precisa ser recomputado como qualquer outro. A preservação se confirmou: quatro direções, quatro significâncias e r = -1,00 nas quatro, isto é, o melhor ciente de carbono vence o melhor geograficamente cego em todas as sementes de todas as quatro configurações. A faixa citada no resumo muda nos dois extremos e precisa ser reescrita: ""23,7% a 67,0%"" passa a ""28,3% a 66,0%"". O piso sobe 4,6 pontos percentuais e o teto cai 1,0; a faixa fica mais estreita e mais alta. Marcada como sensível ao desempate apesar do risco baixo porque os dois extremos se moveram, e o recorte pareado mostra que o movimento não vem do tamanho de amostra: com as mesmas 10 sementes dos dois lados os valores são 58,37%, 37,00%, 65,89% e 29,01%, todos a menos de um ponto percentual dos de n = 30. A mudança da faixa é efeito do desempate, não de poder estatístico. Ressalva herdada de RE-2: ""melhor ciente de carbono"" e ""melhor geograficamente cego"" são decididos por postos médios com empates por midrank, e a vantagem só é computada quando os dois topos são únicos, o que ocorre nas quatro células."
A-10,resumo; secao pue (L295),"Sob PUE invertido, minimizar energia selecionaria algoritmos que emitem 2,5 a 3,4 vezes mais carbono.","tau gCO2e x kWh cai de 0,778 para -0,037 (Azure) e de 0,963 para 0,259 (Google); best_fit 3,386x e ffd 2,459x; alocacao invariante em 110/110 pares; ranking de gCO2e identico a referencia (tau = 1,000)","No recorte pareado de 10 sementes, τ_b entre emissão e energia cai de **0,8889 para 0,0741** (Azure, p = 0,754 na célula com PUE invertido) e de **0,9630 para 0,2593** (Google, p = 0,273). O critério de energia seleciona os mesmos algoritmos do cálculo antigo — `best_fit` no Azure e `ffd` no Google — contra `followme_s` pelo critério de carbono, e a razão de erro do proxy é **3,246×** (18.951 contra 5.838 gCO2e) e **2,394×** (10.742 contra 4.488 gCO2e), ambas com p = 0,001953, o piso do teste exato com 10 pares. Nas duas células de referência os dois critérios escolhem o MESMO algoritmo, e a razão é exatamente 1,000: o proxy não custa nada onde o PUE não está invertido. O controle de reponderação pura passa: o ranking de emissão da célula com PUE invertido é idêntico ao da referência, τ_b = 1,0000 nos dois pares [origem: ../reanalise-canonica/out/a10_razao_erro_proxy.csv] [origem: ../reanalise-canonica/out/a10_tau_recorte_pareado.csv] [origem: ../reanalise-canonica/out/a10_invariancia_ranking_pue.csv] [origem: ../reanalise-canonica/out/a10_proxy_kwh_gco2.csv] [origem: ../reanalise-canonica/out/a10_proxy_digest.txt]",sim,nao,preservada_com_magnitude_revisada,nao,baixo,"A afirmação sobrevive inteira e é a mais robusta das que envolvem intervenção estrutural. A triagem a priori acertou o motivo: nenhum algoritmo observa o PUE, de modo que a alocação não muda e a intervenção é reponderação pura — o que o controle (c) confirma com τ_b = 1,0000 nos dois pares. Também não mudou nada qualitativo: os mesmos dois algoritmos são selecionados pelo critério de energia, e o mesmo `followme_s` pelo de carbono. O que muda é o número do resumo. A faixa citada, ""2,5 a 3,4 vezes"", passa a ser **2,4 a 3,2 vezes**: 3,386 → 3,246 (−4,1%) e 2,459 → 2,394 (−2,6%). Os dois extremos do intervalo mudam, e por isso o resumo tem de ser reescrito mesmo sem nenhuma conclusão se alterar. `sensivel_ao_desempate` é `nao` com base medida, não por presunção: o deslocamento das razões é da ordem de 4% de si mesmas, contra um efeito afirmado de 2,4 a 3,2 vezes — mais de uma ordem de grandeza menor —, a seleção de algoritmos é idêntica, e a parte estrutural (invariância do ranking) é exata. O τ_b da célula com PUE invertido no Google reproduz o antigo em três casas (0,259); no Azure ele sai de −0,037 para +0,074, mas os dois valores são estatisticamente indistinguíveis de zero (p = 0,754) e a afirmação é de colapso da correlação, não de sinal. Registra-se a decisão de recomputar os quatro τ_b sobre as MESMAS sementes 42-51. O τ_b já publicado em `a10_proxy_kwh_gco2.csv` usa o n de cada célula, 30 nas de referência e 10 nas `pue-*`, e por isso dá 0,8519 no Azure em vez de 0,8889; comparar aquele valor com o número antigo misturaria efeito de desempate com efeito de tamanho de amostra. Os dois valores são corretos e respondem a perguntas diferentes; o artigo deve citar o de 30 sementes ao descrever a célula de referência e o de 10 ao comparar com a campanha superseded. A parte ""alocação invariante em 110/110 pares"" não é recomputada aqui: ela sai por extração direta dos artefatos de alocação idêntica [origem: ../alocacao-identica/out/]."
A-11,secao pue (L295),"Nas 12 configuracoes de referencia, o algoritmo de menor kWh coincide com o de menor gCO2e em 9 de 12 casos.","9/12; erros de proxy de 1,5%, 0,3% e 1,31x nos divergentes","10/12 coincidências. As duas divergências são az-anticorr-folgada (menor kWh em first_fit, menor gCO2e em followme_s, razão de erro do proxy de 1,6076×, isto é, +60,7645%) e go-anticorr-folgada (menor kWh em ffd, menor gCO2e em followme_s, razão 1,3947×, +39,4666%). Em 0 das 12 configurações há empate no topo de qualquer das duas métricas [origem: ../reanalise-canonica/out/vencedores_por_celula_metrica.csv] [origem: ../reanalise-canonica/out/a11_proxy_12_referencia.csv] [origem: ../reanalise-canonica/out/nivel3_extracoes.txt#A-11]",parcial,nao,reformulada,sim,alto,"Contagem de argmin: trocar o vencedor de uma configuração muda a contagem. Os erros de proxy de 1,5% e 0,3% estão dentro do deslocamento medido. A contagem MELHORA, de 9/12 para 10/12, e ainda assim a afirmação tem de ser reformulada — este é o caso em que olhar só o número levaria à conclusão errada. O que sustenta a frase do artigo não é a contagem: é a glosa de que os poucos casos divergentes envolvem erros pequenos, de 1,5% e 0,3%, com uma única exceção de 1,31×. Sob o binário canônico as duas divergências restantes são ambas grandes: 1,61× e 1,39×, ou seja, +61% e +39% de emissão a mais ao selecionar pelo critério de energia. O caso ""pequeno"" desapareceu e o que sobra é uniformemente severo. A leitura correta inverte o sentido da frase. Antes: o proxy de energia erra em 3 de 12 casos, e quase sempre erra pouco. Agora: o proxy erra em 2 de 12 casos, e quando erra, erra por uma margem que inviabiliza o uso do proxy. A conclusão de fundo do artigo — energia não é substituto de carbono — sai reforçada, mas por um argumento diferente do publicado. As duas divergências ocorrem exatamente nas duas configurações de sinal anticorrelacionado, que é onde a discordância entre os dois critérios é esperada por construção do cenário. A ausência de empates no topo (0/12) afasta a hipótese de que a contagem esteja sendo decidida por desempate entre valores idênticos. Marcada como sensível ao desempate porque a contagem é uma soma de decisões de argmin e uma das três divergências antigas trocou de lado; as 12 células de referência têm n = 30 na campanha canônica contra n = 10 na antiga, de modo que parte do deslocamento pode vir de tamanho de amostra, mas a mudança qualitativa — desaparecimento dos erros pequenos — não é efeito de poder estatístico."
A-12,resumo; secao desenho,"Com migracao desabilitada, a alocacao dos tres algoritmos com migracao e identica a da heuristica estatica de menor carbono.","identidade por construcao, explicada a partir do codigo-fonte","Verificação em nível de evento sobre 780 pares (migrador × semente), 26 células e 3 migradores: 380/780 com sequência de posicionamento idêntica à de lowest_carbon_dc — follow_renewables 180/260, cnemesis 100/260 e followme_s 100/260. Das 160 execuções com ZERO migrações, 160 têm alocação idêntica: a identidade por construção vale exatamente onde não há migração. Onde diverge, diverge em massa — de 523 a 6.573 VMs com destino diferente, com 0 casos intermediários entre 1 e 10 VMs. Há ainda 220 execuções que migram e mesmo assim mantêm alocação idêntica, todas em células do Azure [origem: ../alocacao-identica/out/alocacao-run-010-fase1-canonica-seeds42-51.tsv] [origem: ../alocacao-identica/out/alocacao-run-011-fase23-canonica-seeds42-51.tsv] [origem: ../alocacao-identica/relatorio-alocacao-identica.md#1-resultado-direto] [origem: ../reanalise-canonica/out/nivel3_extracoes.txt#A-12]",parcial,nao,reformulada,indeterminado,medio,"A emenda exige revalidar esta identidade EM NÍVEL DE EVENTO na Etapa 3, e não apenas por argumento de código. A sonda A/B mostrou que follow_renewables compartilha comparador com algoritmos alterados [origem: relatorio-nivel1-sonda-ab.md#4-achado-que-amplia-o-escopo-do-problema], o que torna o argumento de código insuficiente como única evidência. A revalidação mostrou que a afirmação, como enunciada, é falsa: 400 dos 780 pares divergem. O argumento de código estava certo sobre o mecanismo e errado sobre o escopo. A identidade não é uma propriedade dos três algoritmos com migração; é uma propriedade das execuções em que a migração não é acionada, e nessas ela vale sem exceção — 160 de 160. A estrutura da divergência é informativa e precisa entrar no texto: não há caso intermediário. Ou a alocação é idêntica, ou difere em centenas a milhares de VMs. Isso é consistente com um único ponto de bifurcação propagando-se por toda a execução, e não com ruído de desempate espalhado. Também é preciso distinguir alocação idêntica de resultado idêntico: 220 execuções migram e ainda assim terminam com a mesma sequência de posicionamento, ao passo que followme_s e cnemesis nunca são equivalentes em métrica [origem: ../alocacao-identica/relatorio-alocacao-identica.md#2-o-que-e-identico-e-o-que-nao-e]. `sensivel_ao_desempate` é `indeterminado`, e por um motivo estrutural, não por falta de trabalho: o lado antigo desta afirmação não é uma medição, é um argumento sobre o código-fonte. Não existe número antigo sobre a mesma população contra o qual medir deslocamento, e portanto não há como atribuir a diferença ao desempate nem descartá-la. O que se sabe é que a identidade vale exatamente onde não há migração, e essa condição não depende de política de desempate. Ressalva herdada RE-5: a chave final de desempate é `vm_id`, o que torna a sequência de posicionamento determinística mas dependente da ordem de identificadores; isso precisa constar das ameaças à validade."
A-13,secao resultados negativos (L303),"follow_renewables ficou inerte em todas as configuracoes de carga moderada (0 migracoes), com resultados identicos aos de lowest_carbon_dc.",0 migracoes; identico em 10/10 seeds,"No recorte da fase 1, que é a base de evidência da frase publicada: as 8 configurações de carga moderada são todas inertes (0 migrações) e a alocação é idêntica à de lowest_carbon_dc em 10/10 sementes. Sobre a campanha canônica inteira, follow_renewables é inerte em 14 das 17 configurações de carga moderada, com três exceções — geo3-az-realjun-folgada (8.793 migrações em 10 sementes), geo3-go-realjun-folgada (5.263) e hetcap-az-realjun-folgada (4.967) —, e tem alocação idêntica em 18 das 26 células [origem: ../../runs/run-011-fase23-canonica-seeds42-51/processed/fase23_summary_metrics.csv] [origem: ../../runs/run-010-fase1-canonica-seeds42-51/processed/fase1_summary_metrics.csv] [origem: ../reanalise-canonica/out/nivel3_extracoes.txt#A-13] [origem: ../alocacao-identica/relatorio-alocacao-identica.md#1-resultado-direto]",sim,nao,preservada,nao,baixo,"Consistente com a sonda: follow_renewables foi idêntico em todas as células de carga folgada cobertas. Zero migrações é um estado discreto, não uma diferença marginal. A afirmação é preservada exatamente: no escopo em que foi medida — a fase 1 — os dois números do artigo, 0 migrações e identidade em 10/10 sementes, valem em 8 de 8 configurações de carga moderada sob o binário canônico. `sensivel_ao_desempate` é `nao` com base medida: inércia é um estado discreto, e nenhuma das 8 configurações trocou de estado. Correção obrigatória de ESCOPO, e ela não é efeito do desempate. A frase do artigo (L303) diz ""em todas as configurações de carga moderada"", sem qualificação, mas a evidência que a sustenta é da fase 1. Estendida à campanha inteira, a frase é falsa em três configurações: geo3-az, geo3-go e hetcap-az-realjun, onde follow_renewables migra milhares de vezes. O texto precisa restringir explicitamente o escopo, ou declarar as três exceções. Registra-se que esse erro de escopo é ANTERIOR ao binário canônico e independe dele: na campanha superseded as MESMAS três configurações também apresentavam migração de follow_renewables — 8.249, 5.347 e 4.057 migrações, respectivamente [origem: ../../runs/run-005-fase23-seeds42-51/processed/fase23_summary_metrics.csv]. Por isso o estado é `preservada` e não `reformulada`: o que a comparação antigo × novo mede é o que muda com a política de desempate, e aqui nada mudou. A generalização indevida é defeito de redação do artigo, a ser corrigido na etapa de escrita, não uma consequência da campanha canônica."
A-14,secao sinal (L228),"Controle negativo flat: ranking por gCO2e converge ao ranking por kWh e a razao gCO2e/kWh e 475,0 exata.","tau = 1,000 nas 4 configuracoes; razao 475,0 exata em 440/440 execucoes","τ_b entre os rankings por gCO2e e por kWh igual a 1,0000 nas 4 configurações flat (az-flat-alta, az-flat-folgada, go-flat-alta, go-flat-folgada), com controle_ok = True nas quatro. A razão gCO2e/kWh nas células flat vale 475,000000000 em 1.320 execuções, com mínimo igual ao máximo e desvio máximo de 475,0 igual a 4,076e-11 [origem: ../../runs/run-010-fase1-canonica-seeds42-51/checks/physical-checks.txt] [origem: ../reanalise-canonica/out/a14_controle_flat.csv] [origem: ../reanalise-canonica/out/nivel3_extracoes.txt#A-14]",sim,nao,preservada,nao,baixo,"A razão 475,0 é uma identidade de unidades e não pode mudar com o desempate; é verificada mecanicamente em checks/physical_checks.py (C2). O τ = 1,000 decorre dela. Baixo risco, mas recomputado do mesmo jeito. Confirmado. É o controle negativo do desenho e ele passa: sob sinal de carbono uniforme no espaço e no tempo, o ranking por emissão colapsa no ranking por energia, e a razão entre as duas métricas é a constante do fator de emissão. `sensivel_ao_desempate` é `nao` por razão estrutural, não estatística: a razão é uma identidade aritmética entre duas colunas da mesma execução, e nenhuma política de desempate pode alterá-la. Ajuste de redação necessário: o artigo diz ""razão 475,0 exata"" e a verificação canônica encontra desvio máximo de 4,076e-11, que é erro de representação em ponto flutuante. A palavra ""exata"" deve ser qualificada como ""exata até o erro de representação em ponto flutuante"". Não é resultado novo; é precisão de linguagem. A contagem de execuções sobe de 440 para 1.320 porque as células flat da fase 1 passaram a ter 30 sementes. A propriedade vale nas 1.320."
A-15,secao sinal (L228),Equivalencia de lowest_carbon_dc a best_fit e a ffd dentro de +-1% nas duas configuracoes flat sob carga alta.,"TOST p = 0,00098","As quatro equivalências continuam valendo, com folga: diferença de -0,032% a +0,355% dentro da janela de ±1%; TOST p bruto de 9,31e-10 a 4,66e-09 e p sob Holm m = 4 de 3,73e-09 a 5,59e-09, contra 0,00098 antes [origem: ../reanalise-canonica/out/a15_equivalencia_estaticos.csv]",sim,nao,preservada_com_magnitude_revisada,sim,alto,"Equivalência de ±1% envolvendo ffd, que foi alterado. A queda do p em seis ordens de grandeza NÃO é ganho de evidência: 0,00098 é o piso do teste exato com n = 10 e 9,31e-10 é o piso com n = 30. Os dois valores dizem a mesma coisa — ""o menor p que este desenho permite"" — e o texto não pode apresentar o segundo como resultado mais forte. Marcada como sensível ao desempate porque as grandezas por trás da equivalência se moveram: em az-flat-alta, best_fit teve efeito de +0,1074% em total_gco2 e de +8,92% em total_unplaced_vms entre a campanha antiga e a canônica [origem: out/nivel2_agregados.csv]. A conclusão sobreviveu ao deslocamento; a magnitude, não."
A-16,secao rede (L260); resultados negativos (L303),Indicador de sobrealocacao de CPU discrimina apenas os migradores; a rede restrita nao gerou sobrealocacao adicional.,0 ocorrencias nos 8 estaticos em 1.320/1.320 linhas da primeira etapa e 0/320 na rede restrita,"0 de 4.960 execuções dos 8 algoritmos estáticos com o indicador acima de zero, sobre a campanha canônica inteira — 30 células e 6.820 execuções —, contra 1.322 de 1.860 execuções dos 3 algoritmos com migração. Sob rede restrita: 0 casos de surgimento e 0 casos de piora do máximo em 44 contrastes pareados pelas sementes 42-51, com os estáticos em 0 de 320 execuções [origem: ../reanalise-canonica/out/a16_sobrealocacao_por_algoritmo.csv] [origem: ../reanalise-canonica/out/a16_net100_x_base.csv]",sim,nao,preservada,nao,baixo,"Contagem de zeros. Só muda se o desempate criar sobrealocação onde não havia — e não criou, em nenhuma das 4.960 execuções dos estáticos. Como o valor é o mesmo zero sob os dois binários, a insensibilidade ao desempate aqui é observada, não presumida. Dois cuidados na redação. Primeiro, os denominadores antigos foram rastreados e conferem: ""1.320"" é 12 células × 11 algoritmos × 10 sementes, sobre a matriz efetiva de doze células do script antigo [origem: ../run004/fase1_run004_critique_analysis.py#L37-L44], e ""0/320"" é 4 células net100 × 8 estáticos × 10 sementes. Ambos são recortes próprios da campanha canônica, em que o zero também vale. O texto deve citar os denominadores canônicos, maiores, e não os antigos. Segundo, a contagem do lado dos migradores (1.322/1.860) não tem contrapartida no número antigo: é número novo, não comparação, e não pode ser apresentado como confirmação de nada. A proposição (b) foi verificada na forma forte — sobre o máximo por contraste, não sobre a média —, e o lado base foi restrito às sementes 42-51 para que a comparação não misturasse tamanho de amostra. Nota de nomenclatura: o indicador é `final_sla_violations`, mas conta VM-ticks em hospedeiro sobrecomprometido em CPU [origem: ../../../../../algorithms-simgrid/src/metrics/sla.cpp]. O artigo já o chama de indicador de sobrealocação, que é a leitura correta; o nome do campo é mais forte que a grandeza e não deve vazar para o texto."
A-17,secao hetcap (L287),"Sob hetcap, os gulosos de carbono sao penalizados no perfil realjun e beneficiados sob anticorr.","lowest_carbon_dc +108,7% (5.475 -> 11.427 gCO2e; posto 3 para 5), follow_renewables +72,5%, wsnb +84,8%, contra 13% a 23% dos cegos; vantagem cai de 61,0% para 36,0%; fracao de alocacoes em paris de 38,7% para 14,5%; sob anticorr todos melhoram (-0,02% a -17,0%) e a vantagem sobe de 41,7% para 44,3%","Sob realjun, `lowest_carbon_dc` +101,54% (5.977 -> 12.047 gCO2e), `followme_s` +91,62%, `cnemesis` +80,26%, `wsnb` +75,42% e `follow_renewables` +60,13%, contra +11,86% a +23,06% dos genéricos; a vantagem do melhor sensível a carbono sobre o melhor genérico cai de 58,4% para 34,3%. Sob anticorr todos melhoram, de -0,56% (`wsnb`) a -17,24% (`round_robin`), e a vantagem sobe de 37,0% para 41,9%. No nível de evento, a fração de alocações em paris de `lowest_carbon_dc` cai de 34,16% para 10,61% sob realjun. Os 22 contrastes de variação são significativos após Holm com família de 11 por célula (p_Holm = 0,0215). O posto de `lowest_carbon_dc` sob realjun vai de 3,5 para 5 — não de 3 para 5: na célula-base ele EMPATA exatamente com `follow_renewables` (5.977 gCO2e nos dois), e por midrank os dois ocupam 3,5 [origem: ../reanalise-canonica/out/a17_delta_gco2_por_algoritmo.csv] [origem: ../reanalise-canonica/out/a17_postos.csv] [origem: ../reanalise-canonica/out/a17_vantagem_ca_vs_gb.csv] [origem: ../reanalise-canonica/out/a17_alocacoes_no_limpo.csv] [origem: ../reanalise-canonica/out/a17_digest.txt]",sim,nao,preservada_com_magnitude_revisada,sim,medio,"O mecanismo se confirma inteiro: sob capacidade heterogênea o data center mais limpo satura, os gulosos de carbono transbordam para os sujos e pagam mais que os cegos; sob anticorr o mesmo deslocamento os favorece em termos relativos. Nenhuma das quatro partes muda de direção, e nenhuma muda de status estatístico — as 22 variações são significativas após Holm, e a comparação antiga não carregava teste, de modo que nada que era significativo deixou de ser. Todas as magnitudes se deslocaram, e é por isso que o campo de sensibilidade é `sim`: +108,7% -> +101,54%, +72,5% -> +60,13%, +84,8% -> +75,42%, vantagem 61,0/36,0 -> 58,4/34,3, fração em paris 38,7/14,5 -> 34,16/10,61. Todos os números publicáveis desta seção têm de ser reescritos. Dois pontos exigem cuidado no texto, e nenhum deles é ""detalhe de arredondamento"". Primeiro, o POSTO: o cálculo antigo usava `rank(method=""min"")` [origem: ../run005/fase23_run005_critique_analysis.py#L247] e por isso escrevia ""3 para 5""; sob midrank, que é a regra fixada em RE-2, a célula-base tem empate exato entre `follow_renewables` e `lowest_carbon_dc` e o posto correto é 3,5. Escrever ""3"" no artigo seria deixar a ordem de identificador decidir posição — exatamente o que a emenda proíbe. Segundo, esse empate QUEBRA sob hetcap: os dois algoritmos continuam com a MESMA fração de alocações em paris (10,61%), mas `follow_renewables` vai ao posto 1 e `lowest_carbon_dc` ao posto 5. A degenerescência entre eles é de alocação, não de migração, e a capacidade heterogênea é o cenário que a expõe. Isso é achado, não ruído, e vale citação no texto. O extremo -0,02% sob anticorr, sinalizado como frágil na triagem a priori, virou -0,56% (`wsnb`): 28 vezes maior em magnitude, mas ainda o menor ganho da célula e ainda significativo. A ordem de grandeza citada no artigo muda de ""praticamente nulo"" para ""meio ponto percentual"". `wsnb` depende também do gate RE-1: seu resultado usa o hash FNV-1a canônico [origem: ../../experiment-manifest-emenda-desempate.yaml#RE-1]. As células-base foram restritas às sementes 42-51 para pareá-las com as células hetcap, que têm 10; sem esse recorte a comparação mediria também o tamanho da amostra. O efeito do recorte é pequeno mas não nulo, e está medido: a vantagem em az-realjun-folgada é 58,4% com 10 sementes e 58,7% com 30, e em az-anticorr-folgada 37,0% contra 37,8% [origem: ../reanalise-canonica/out/a17_digest.txt]."
A-18,secao decisoes (L274),Perfil intra x inter data center das migracoes e re-migracao repetida.,"cnemesis 100% intra em carga moderada (60/60 seeds) e ~86% inter em carga alta; follow_renewables sempre inter; followme_s 69,6%/79,3%/54,6% intra em carga moderada e 22,3% em carga alta; re-migracao de ate 14-16 vezes para cnemesis","No recorte comparável — as mesmas 8 células e as mesmas sementes 42-51 do cálculo antigo — `cnemesis` mantém 60 de 60 execuções com 100% de migrações dentro do mesmo data center em carga moderada, e em carga alta passa de ~86% para **88,4%** entre data centers; `follow_renewables` continua 100% entre data centers em toda execução em que migra; `followme_s` vai de 69,6/79,3/54,6% para **69,9/93,8/51,6%** de migrações internas nas três células-base de carga moderada e de 22,3% para **15,8%** em carga alta; a re-migração máxima de `cnemesis` sobe de 14-16 para **20** decisões emitidas para a mesma VM. Sobre a campanha canônica inteira — 1.860 execuções, 30 células × 3 algoritmos com migração — o perfil é outro: `cnemesis` tem 320 de 350 execuções de carga moderada com 100% internas, e as 30 exceções estão em três células de intervenção estrutural (geo3-az 2,3%, geo3-go 41,8%, hetcap-az-realjun 47,0%); em carga alta a fração interna média é 33,8%, puxada pelas duas células de sinal constante, em que ela é 100%. `followme_s` fica entre 18,7% e 97,2% em carga moderada e entre 9,8% e 39,4% em carga alta, sem nenhuma execução em 0% ou 100%. `follow_renewables` não emite migração alguma em 360 das 620 execuções, distribuídas por 16 células. O máximo de decisões de migração emitidas para uma mesma VM é 21, e ele é atingido tanto por `cnemesis` quanto por `followme_s` [origem: ../reanalise-canonica/out/a18_perfil_por_execucao.csv] [origem: ../reanalise-canonica/out/a18_perfil_agregado.csv] [origem: ../reanalise-canonica/out/a18_recorte_comparavel.csv] [origem: ../reanalise-canonica/out/a18_digest.txt]",parcial,nao,reformulada,sim,medio,"A ordenação qualitativa entre os três algoritmos se mantém — `cnemesis` consolida dentro do data center, `follow_renewables` só migra entre data centers, `followme_s` fica no meio — e é por isso que a direção é `parcial` e não `nao`. O que não se sustenta é a forma UNIVERSAL das frases, e por dois motivos distintos. Primeiro, o escopo. ""`cnemesis` migra 100% dentro do data center em carga moderada"" vale nas oito células do cálculo antigo, todas de nove data centers com capacidade homogênea, e NÃO vale nas intervenções estruturais: sob geo3 (três data centers) a fração interna cai a 2,3%, e sob capacidade heterogênea a 47,0%. Isso não é ruído de desempate, é o efeito do cenário, e a frase do artigo tem de nomear a topologia em que vale. Pela mesma razão, ""em carga alta migra majoritariamente entre data centers"" tem exceção declarável: sob sinal de carbono constante (`az-flat-alta`, `go-flat-alta`) ela é 100% interna, o que é coerente com não haver gradiente de carbono a perseguir. Segundo, a re-migração. O número antigo, ""até 14-16 vezes para `cnemesis`"", muda em três aspectos ao mesmo tempo: sobe para 20 no mesmo recorte, chega a 21 na campanha completa, e deixa de ser característica de `cnemesis`, porque `followme_s` atinge o mesmo 21. Citar o valor como peculiaridade de um algoritmo seria falso sob a campanha canônica. A sensibilidade ao desempate é `sim` com evidência isolada: no recorte em que células e sementes são idênticas e a única diferença é a política de desempate, `followme_s` em go-realjun-folgada sai de 79,3% para 93,8% de migrações internas — 14,5 pontos — e o máximo de re-migração de `cnemesis` sai de 14-16 para 20. São exatamente as grandezas que a sonda de nível de evento previa deslocar, por dependerem de qual hospedeiro foi escolhido. `status_estatistico_mudou` é `nao` porque a afirmação nunca carregou teste: são contagens estruturais sobre o traço, e este cálculo deliberadamente não inventou uma família de testes para elas. Ressalva obrigatória herdada, e aqui ela é central: R-MIG-EMITIDAS — `decisions.jsonl` registra migrações EMITIDAS, não concluídas [origem: ../../consensus.md#8]. Toda frase sobre ""a VM foi migrada N vezes"" tem de ser escrita como ""N decisões de migração foram emitidas para a mesma VM"". Vale também R-DOWNTIME-FIXO, porque o perfil intra/inter é o que determina o custo de rede de cada migração. Uma consequência de escrita: as 360 execuções em que `follow_renewables` não emite migração alguma tornam ""migra sempre entre data centers"" verdadeira mas vazia em 16 das 30 células. O artigo deve dizer em quantas execuções ela de fato migra antes de caracterizar o perfil."
A-19,secao migracao (L256),"Dos 28 contrastes migrador x configuracao, 27 venceram simultaneamente em gCO2e e kWh, com economia por GiB migrado.","27/28 (1 caso dominado, declarado); 0,0086 a 0,2198 gCO2e por GiB migrado","No recorte comparável — as mesmas 12 células e as mesmas sementes 42-51 do cálculo antigo, de modo que a única diferença é o desempate — a elegibilidade é reproduzida exatamente (28 de 36) e a contagem passa de 27/28 para **28/28**: o caso dominado desaparece. A razão sobe de 0,0086-0,2198 para 0,0108-0,3741 gCO2e por GiB. Sobre a campanha canônica inteira, que é o que o artigo deve reportar: 74 contrastes elegíveis de 90, 67 vencem em gCO2e e em kWh, 7 são dominados e 0 empatam; razão de 0,0009 a 0,8473, mediana 0,0621 [origem: ../reanalise-canonica/out/a19_custo_beneficio.csv] [origem: ../reanalise-canonica/out/a19_digest.txt]",sim,sim,reformulada,sim,alto,"Contagem sobre decisões binárias, e o tráfego de migração foi a métrica mais deslocada na sonda (até 8,16%). A sensibilidade se confirmou: com células e sementes idênticas, o único caso dominado do número antigo deixou de existir. `status_estatistico_mudou` registra essa mudança de classificação (dominado → vence em ambas), não mudança de p — a afirmação não carrega teste. A frase do artigo precisa ser reescrita por três motivos independentes. Primeiro, ""1 caso dominado, declarado"" não é mais verdade no recorte antigo. Segundo, o artigo canônico reporta a campanha inteira, e aí são 7 dominados em 74 — mais casos e denominador maior. Terceiro, a razão por GiB quase quadruplica no extremo superior (0,2198 → 0,8473 na campanha completa), o que muda a ordem de grandeza citada. Os 7 dominados devem ser nomeados, não somados: dois deles (go-realjan-alta e go-realjun-alta, cnemesis) MUDAM de categoria ao restringir às sementes 42-51, isto é, a classificação depende do tamanho da amostra, e os dois estão a +0,049% em kWh — dentro da faixa em que a dominação é decidida por margem desprezível. Ressalvas obrigatórias herdadas: R-MIGBYTES-V2 e R-MIG-EMITIDAS (majors — `total_mig_bytes` conta bytes realmente transferidos, em MiB, e `total_migrations` conta migrações EMITIDAS, não concluídas), R-DIRTY-CPU, R-DOWNTIME-FIXO e R-CARBON-SINTETICO [origem: ../../consensus.md#8]."
A-20,secao ranking (L248),Robustez do ranking a carga de trabalho fora das flat.,"rho de Spearman azure x google entre 0,855 e 0,991 (p <= 8,1e-4)","No escopo da afirmação — os 8 pares fora das configurações flat — ρ de Spearman entre 0,8636 e 0,9909, com p máximo de 6,117e-04 e p sob Holm m = 10 de no máximo 1,835e-03. Sobre os 10 pares azure × google, incluindo as flat, ρ vai de 0,6759 a 0,9909, com mediana 0,9453; 10/10 significativos a 0,05 sem correção e 10/10 sob Holm m = 10. Os dois pares flat, fora do escopo da afirmação, são os dois menores: 0,6759 em flat-folgada e 0,7685 em flat-alta [origem: ../reanalise-canonica/out/a20_azure_x_google.csv] [origem: ../reanalise-canonica/out/a20_azure_x_google_holm.csv] [origem: ../reanalise-canonica/out/nivel3_extracoes.txt#A-20]",sim,nao,preservada_com_magnitude_revisada,sim,medio,"A afirmação sobrevive, e a correspondência com o número antigo é boa: a faixa publicada, 0,855 a 0,991 com p ≤ 8,1e-04, passa a 0,8636 a 0,9909 com p ≤ 6,117e-04. O teto é idêntico em três casas e o piso sobe 0,009. É a afirmação de risco médio que menos se moveu. O escopo importa e quase induz a erro. A frase do artigo (L248) começa com ""Fora das flat"", e é só nesse recorte que a faixa vale. Calculada sobre os 10 pares, incluindo as duas configurações flat, a faixa cairia para 0,6759 a 0,9909, o que aparentaria colapso da robustez. Não é colapso: as células flat têm sinal de carbono uniforme por construção e o ranking ali é decidido por energia, de modo que a correlação entre provedores mede outra coisa. Registram-se os dois valores para que ninguém reconstrua a faixa sobre a população errada. Marcada como sensível ao desempate porque os extremos se moveram e porque a afirmação é sobre ordenação de 11 algoritmos, que é o objeto mais exposto do desenho. O deslocamento é pequeno em termos absolutos, mas está presente nos dois extremos. Decisão de método registrada: a correção de Holm sobre a família de 10 pares azure × google não existe em nenhum artefato da campanha antiga — ela é calculada aqui, e por isso vem rotulada como nova. Sob Holm nenhuma correlação perde significância, o que torna a robustez da afirmação independente da escolha de corrigir ou não. Ressalva independente do desempate: correlação entre rankings de 11 elementos com n = 11 tem poder limitado; a significância aqui atesta a concordância dos rankings, não a magnitude do efeito de carbono."
A-21,secao ranking (L248),Inversao de posicao entre regimes de carga: cnemesis cai de 1o a 3o e follow_renewables sobe de 3o a 1o.,"cnemesis 1o em 3 configuracoes de carga moderada, 3o sob carga alta; follow_renewables de 3o a 1o nas 4 configuracoes de carga alta com sinal variavel; podio estrutural: cnemesis 5, followme_s 3, follow_renewables 2; ffd 2o em geo3-go","Primeiros colocados nas 22 configurações, por posto médio com empates por midrank: followme_s 13, follow_renewables 5, cnemesis 3 e ffd 1. cnemesis NÃO é primeiro em nenhuma das 6 configurações de referência de carga moderada (postos médios 2,0 em az-anticorr-folgada, az-realjun-folgada, go-anticorr-folgada e go-realjun-folgada; 3,0 em go-flat-folgada; 4,0 em az-flat-folgada) e é terceiro em 4 das 6 de carga alta (1,0 em az-flat-alta e 2,0 em go-flat-alta). follow_renewables sobe de 3,5 — posto médio de empate exato com lowest_carbon_dc — a 1º nas 4 configurações de carga alta com sinal variável. Pódio nas 10 configurações estruturais: followme_s 7, cnemesis 2, follow_renewables 1. Em geo3-go-realjun-folgada, ffd tem posto médio 5,0, e o segundo colocado é lowest_carbon_dc [origem: ../reanalise-canonica/out/rankings_postos_medios.csv] [origem: ../reanalise-canonica/out/vencedores_por_celula_metrica.csv] [origem: ../reanalise-canonica/out/nivel3_extracoes.txt#A-21]",parcial,nao,reformulada,sim,alto,"Envolve os quatro algoritmos alterados e posições de pódio. É a afirmação mais alterada da matriz depois de A-06. Dos quatro componentes da frase publicada, um se preserva, dois se invertem e um está simplesmente errado. Preservado: follow_renewables sobe a 1º nas quatro configurações de carga alta com sinal variável. O ponto de partida, porém, muda de significado — o ""3º"" do artigo é na verdade posto médio 3,5, isto é, um empate exato com lowest_carbon_dc, que é a inércia já documentada em A-13. A subida é real; a posição de origem precisa ser descrita como empate, não como terceiro lugar. Invertido: ""cnemesis 1º em 3 configurações de carga moderada"" não tem mais suporte algum — cnemesis não é primeiro em NENHUMA das 6 configurações de referência de carga moderada. E ""3º sob carga alta"" vale em 4 das 6, não em todas; nas duas flat ele sobe, chegando a 1º em az-flat-alta. O sentido da frase, que é o de uma troca de posição entre regimes de carga, se inverte: cnemesis agora vai relativamente MELHOR sob carga alta nas flat e não domina a carga moderada. Invertido: o pódio estrutural passa de ""cnemesis 5, followme_s 3, follow_renewables 2"" para ""followme_s 7, cnemesis 2, follow_renewables 1"". followme_s deixa de ser coadjuvante e passa a dominar as intervenções estruturais. Errado: ""ffd 2º em geo3-go"" — ffd tem posto médio 5,0 naquela configuração, e o segundo colocado é lowest_carbon_dc. O exemplo citado no artigo tem de ser trocado ou removido. `status_estatistico_mudou` é `nao` por vacuidade: a afirmação é sobre ordenação e não carrega decisão de significância, nem antes nem agora. É justamente por isso que ela é a mais exposta ao desempate — posições de pódio decididas por margens estreitas são o objeto que a política de desempate governa diretamente. Ressalva herdada de RE-2: empates entram como posto médio (midrank) e contam para todos os algoritmos empatados na contagem de primeiros colocados; nenhuma ordem de identificador ou de linha escolhe vencedor. Por isso a soma dos primeiros colocados é exatamente 22."
A-22,resumo; secao desenho (L186),Contagem total de execucoes e de configuracoes do artigo.,"3.890 execucoes; 26 configuracoes executadas, 22 nao redundantes; 1.760 + 1.100 = 2.860 mais extensoes","6.820 execuções; 30 configurações executadas, 26 não redundantes. A soma é 1.760 (run-010, fase 1, 16 células) + 1.100 (run-011, fases 2-3, 10 células) + 440 (run-012, Electricity Maps, 4 células) + 3.520 (run-013, fase 1 com sementes 52-71, 16 células) = 6.820. As 4 configurações redundantes são as realjan. 16 células têm n = 30 e 14 têm n = 10 [origem: ../reanalise-canonica/out/nivel3_extracoes.txt#A-22] [origem: ../../runs/run-013-fase1-canonica-seeds52-71/run-manifest.yaml]",sim,nao,preservada_com_magnitude_revisada,nao,baixo,"Não depende do desempate, mas depende de quais campanhas entram na versão final. A contagem precisa ser refeita ao fim das Etapas 2 a 6 e já estava na lista de correções de consistência. `sensivel_ao_desempate` é `nao` porque contagem de execuções é uma propriedade do desenho da campanha, não do comportamento dos algoritmos; nenhuma política de desempate altera quantas execuções foram feitas. O que mudou foi a campanha: 6.820 contra 3.890 execuções, e 30 contra 26 configurações, porque a campanha canônica acrescentou as 4 configurações Electricity Maps ao conjunto executado e estendeu a fase 1 de 10 para 30 sementes. A contagem de não redundantes sobe de 22 para 26 pelo mesmo motivo: as 4 configurações em2021 passaram a integrar a campanha executada e não são redundantes. Isso tem consequência direta para o resto da matriz e está registrado como decisão pré-declarada: as comparações antigo × novo das demais afirmações usam as MESMAS 22 configurações da campanha antiga, e não as 26, sob pena de misturar mudança de população com efeito de desempate. Todos os números desta linha vêm dos run-manifests das quatro execuções canônicas e são verificáveis por contagem direta dos artefatos processados; nenhum foi estimado. Pendência declarada: a contagem definitiva do artigo depende ainda das decisões abertas da Etapa 6 sobre quais blocos entram nas 12 páginas (RE-3). Se algum cenário novo for incorporado, esta linha muda de novo."
A-23,secao desenho (L186),As 4 configuracoes realjan sao redundantes por construcao do dado (bit-identicas as realjun correspondentes).,4/4 pares bit-identicos,"4/4 pares idênticos nas 7 grandezas do modelo (total_kwh, total_gco2, total_migrations, total_mig_bytes, mean_active_hosts, final_sla_violations e total_unplaced_vms), com 330 execuções por par e 1.320 no total. O tempo de decisão do algoritmo (algo_wall_total_us), comparado à parte por ser medição de relógio e não grandeza do modelo, difere em até 40.860 us (az-realjan-alta), 9.576 us (az-realjan-folgada), 19.923 us (go-realjan-alta) e 6.386 us (go-realjan-folgada) [origem: ../../runs/run-010-fase1-canonica-seeds42-51/checks/physical-checks.txt] [origem: ../../runs/run-013-fase1-canonica-seeds52-71/checks/physical-checks.txt] [origem: ../reanalise-canonica/out/nivel3_extracoes.txt#A-23]",sim,nao,preservada,nao,baixo,"Propriedade do dado de carbono, não do algoritmo. Verificada mecanicamente em checks/physical_checks.py (C3) e deve continuar valendo; se deixar de valer, é sinal de erro na campanha, não descoberta. Continua valendo, agora sobre 1.320 execuções em vez de 440, porque as células realjan e realjun da fase 1 passaram a ter 30 sementes. `sensivel_ao_desempate` é `nao` por razão estrutural: os perfis realjan e realjun são o mesmo dado de carbono, de modo que duas execuções com a mesma semente percorrem trajetórias idênticas independentemente da política de desempate — inclusive os desempates são resolvidos do mesmo jeito nas duas. Decisão de método registrada, para que a verificação não produza falso negativo: `algo_wall_total_us` é excluído da comparação de identidade. Ele mede tempo de parede do processo, varia entre execuções do MESMO binário sobre a MESMA entrada e não é resultado científico. Incluí-lo faria a verificação reportar não identidade por um motivo que nada tem a ver com o dado de carbono. Os desvios observados, de 6,4 a 40,9 milissegundos, são registrados aqui em vez de descartados em silêncio. A palavra ""bit-idênticas"" do artigo deve ser qualificada: a identidade vale nas grandezas do modelo, não em toda a linha do CSV."
