celula_i,celula_j,tau_b,p_nao_corrigido
az-realjun-folgada,az-realjun-alta,0.9174698042719671,9.448129391490142e-05
az-realjun-folgada,az-flat-folgada,0.4151682458530184,0.08236098834907706
az-realjun-folgada,az-flat-alta,0.6793662204867574,0.004474629307395965
az-realjun-folgada,az-anticorr-folgada,0.9259259259259258,8.999895879346697e-05
az-realjun-folgada,az-anticorr-alta,0.8440722199302099,0.0003281542287518693
az-realjun-folgada,go-realjun-folgada,0.9259259259259258,8.999895879346697e-05
az-realjun-folgada,go-realjun-alta,0.8440722199302099,0.0003281542287518693
az-realjun-folgada,go-flat-folgada,0.7171087882915774,0.002695111117322818
az-realjun-folgada,go-flat-alta,0.3396831102433787,0.15522863417295543
az-realjun-folgada,go-anticorr-folgada,0.9259259259259258,8.999895879346697e-05
az-realjun-folgada,go-anticorr-alta,0.587180674734059,0.01246215829454031
az-realjun-folgada,net100-az-realjun-folgada,0.9629629629629629,4.6465836804030796e-05
az-realjun-folgada,net100-go-realjun-folgada,0.9259259259259258,8.999895879346697e-05
az-realjun-folgada,net100-az-anticorr-folgada,0.7777777777777777,0.0010036183650044851
az-realjun-folgada,net100-az-realjun-alta,0.9541685964428458,4.896400204355126e-05
az-realjun-folgada,geo3-az-realjun-folgada,0.697277051246695,0.0030042622393982835
az-realjun-folgada,geo3-go-realjun-folgada,0.697277051246695,0.0030042622393982835
az-realjun-folgada,hetcap-az-realjun-folgada,0.8440722199302099,0.0003281542287518693
az-realjun-folgada,hetcap-az-anticorr-folgada,0.9999999999999999,2.3434607292951027e-05
az-realjun-folgada,pue-az-realjun-folgada,0.9999999999999999,2.3434607292951027e-05
az-realjun-folgada,pue-go-realjun-folgada,0.9259259259259258,8.999895879346697e-05
az-realjun-alta,az-flat-folgada,0.3365809164030446,0.1564441982736493
az-realjun-alta,az-flat-alta,0.5983660736054126,0.011757284886714786
az-realjun-alta,az-anticorr-folgada,0.8440722199302098,0.0003281542287518693
az-realjun-alta,az-anticorr-alta,0.9272727272727274,3.2567740901074234e-06
az-realjun-alta,go-realjun-folgada,0.8440722199302098,0.0003281542287518693
az-realjun-alta,go-realjun-alta,0.9272727272727274,3.2567740901074234e-06
az-realjun-alta,go-flat-folgada,0.6357639532057509,0.007432770429930747
az-realjun-alta,go-flat-alta,0.261785157202368,0.2703685816257839
az-realjun-alta,go-anticorr-folgada,0.8440722199302098,0.0003281542287518693
az-realjun-alta,go-anticorr-alta,0.6727272727272727,0.0031063111271444604
az-realjun-alta,net100-az-realjun-folgada,0.8807710121010884,0.0001781293054554629
az-realjun-alta,net100-go-realjun-folgada,0.8440722199302098,0.0003281542287518693
az-realjun-alta,net100-az-anticorr-folgada,0.7706746355884524,0.0010393630991335228
az-realjun-alta,net100-az-realjun-alta,0.9636363636363636,5.511463844797178e-07
az-realjun-alta,geo3-az-realjun-folgada,0.6363636363636364,0.005707170915504249
az-realjun-alta,geo3-go-realjun-folgada,0.6727272727272727,0.0031063111271444604
az-realjun-alta,hetcap-az-realjun-folgada,0.9272727272727274,3.2567740901074234e-06
az-realjun-alta,hetcap-az-anticorr-folgada,0.9174698042719671,9.448129391490142e-05
az-realjun-alta,pue-az-realjun-folgada,0.9174698042719671,9.448129391490142e-05
az-realjun-alta,pue-go-realjun-folgada,0.8440722199302098,0.0003281542287518693
az-flat-folgada,az-flat-alta,0.6538461538461539,0.006803470965228415
az-flat-folgada,az-anticorr-folgada,0.4151682458530184,0.08236098834907706
az-flat-folgada,az-anticorr-alta,0.3365809164030446,0.1564441982736493
az-flat-folgada,go-realjun-folgada,0.33968311024337877,0.15522863417295543
az-flat-folgada,go-realjun-alta,0.2991830368027063,0.20778723575142055
az-flat-folgada,go-flat-folgada,0.3846153846153847,0.11139608921819043
az-flat-folgada,go-flat-alta,0.3076923076923077,0.20281958469792438
az-flat-folgada,go-anticorr-folgada,0.4151682458530184,0.08236098834907706
az-flat-folgada,go-anticorr-alta,0.07479575920067658,0.7528236648962049
az-flat-folgada,net100-az-realjun-folgada,0.3774256780481986,0.11428427973493568
az-flat-folgada,net100-go-realjun-folgada,0.33968311024337877,0.15522863417295543
az-flat-folgada,net100-az-anticorr-folgada,0.264197974633739,0.26896116512556245
az-flat-folgada,net100-az-realjun-alta,0.3739787960033829,0.11535073302213321
az-flat-folgada,geo3-az-realjun-folgada,0.6731618328060892,0.004593123212126663
az-flat-folgada,geo3-go-realjun-folgada,0.11219363880101486,0.6366573664363878
az-flat-folgada,hetcap-az-realjun-folgada,0.2991830368027063,0.20778723575142055
az-flat-folgada,hetcap-az-anticorr-folgada,0.4151682458530184,0.08236098834907706
az-flat-folgada,pue-az-realjun-folgada,0.4151682458530184,0.08236098834907706
az-flat-folgada,pue-go-realjun-folgada,0.33968311024337877,0.15522863417295543
az-flat-alta,az-anticorr-folgada,0.6793662204867575,0.004474629307395965
az-flat-alta,az-anticorr-alta,0.5983660736054126,0.011757284886714786
az-flat-alta,go-realjun-folgada,0.6038810848771178,0.01151197352047887
az-flat-alta,go-realjun-alta,0.5609681940050744,0.018182160586921
az-flat-alta,go-flat-folgada,0.42307692307692313,0.07992106263961778
az-flat-alta,go-flat-alta,0.2692307692307693,0.2651228319252248
az-flat-alta,go-anticorr-folgada,0.6038810848771178,0.01151197352047887
az-flat-alta,go-anticorr-alta,0.3365809164030446,0.1564441982736493
az-flat-alta,net100-az-realjun-folgada,0.7171087882915773,0.002695111117322818
az-flat-alta,net100-go-realjun-folgada,0.6038810848771178,0.01151197352047887
az-flat-alta,net100-az-anticorr-folgada,0.6038810848771178,0.01151197352047887
az-flat-alta,net100-az-realjun-alta,0.6357639532057509,0.007432770429930747
az-flat-alta,geo3-az-realjun-folgada,0.7853554716071041,0.0009442132801877965
az-flat-alta,geo3-go-realjun-folgada,0.3739787960033829,0.11535073302213321
az-flat-alta,hetcap-az-realjun-folgada,0.6357639532057509,0.007432770429930747
az-flat-alta,hetcap-az-anticorr-folgada,0.6793662204867575,0.004474629307395965
az-flat-alta,pue-az-realjun-folgada,0.6793662204867575,0.004474629307395965
az-flat-alta,pue-go-realjun-folgada,0.6038810848771178,0.01151197352047887
az-anticorr-folgada,az-anticorr-alta,0.7706746355884524,0.0010393630991335228
az-anticorr-folgada,go-realjun-folgada,0.8518518518518519,0.0003148112129061931
az-anticorr-folgada,go-realjun-alta,0.8440722199302099,0.0003281542287518693
az-anticorr-folgada,go-flat-folgada,0.7171087882915774,0.002695111117322818
az-anticorr-folgada,go-flat-alta,0.3396831102433787,0.15522863417295543
az-anticorr-folgada,go-anticorr-folgada,0.8518518518518519,0.0003148112129061931
az-anticorr-folgada,go-anticorr-alta,0.5137830903923016,0.028783965875738362
az-anticorr-folgada,net100-az-realjun-folgada,0.8888888888888888,0.00017029377577951654
az-anticorr-folgada,net100-go-realjun-folgada,0.8518518518518519,0.0003148112129061931
az-anticorr-folgada,net100-az-anticorr-folgada,0.8518518518518519,0.0003148112129061931
az-anticorr-folgada,net100-az-realjun-alta,0.8807710121010884,0.0001781293054554629
az-anticorr-folgada,geo3-az-realjun-folgada,0.697277051246695,0.0030042622393982835
az-anticorr-folgada,geo3-go-realjun-folgada,0.6238794669049377,0.007931923532795267
az-anticorr-folgada,hetcap-az-realjun-folgada,0.8440722199302099,0.0003281542287518693
az-anticorr-folgada,hetcap-az-anticorr-folgada,0.9259259259259258,8.999895879346697e-05
az-anticorr-folgada,pue-az-realjun-folgada,0.9259259259259258,8.999895879346697e-05
az-anticorr-folgada,pue-go-realjun-folgada,0.8518518518518519,0.0003148112129061931
az-anticorr-alta,go-realjun-folgada,0.7706746355884524,0.0010393630991335228
az-anticorr-alta,go-realjun-alta,0.8545454545454545,4.624619207952541e-05
az-anticorr-alta,go-flat-folgada,0.5609681940050744,0.018182160586921
az-anticorr-alta,go-flat-alta,0.18698939800169143,0.4311087151029369
az-anticorr-alta,go-anticorr-folgada,0.7706746355884524,0.0010393630991335228
az-anticorr-alta,go-anticorr-alta,0.7454545454545454,0.000759529822029822
az-anticorr-alta,net100-az-realjun-folgada,0.8073734277593311,0.0005907573118657001
az-anticorr-alta,net100-go-realjun-folgada,0.7706746355884524,0.0010393630991335228
az-anticorr-alta,net100-az-anticorr-folgada,0.697277051246695,0.0030042622393982835
az-anticorr-alta,net100-az-realjun-alta,0.8909090909090909,1.3728555395222063e-05
az-anticorr-alta,geo3-az-realjun-folgada,0.6363636363636364,0.005707170915504249
az-anticorr-alta,geo3-go-realjun-folgada,0.6000000000000001,0.00994553671637005
az-anticorr-alta,hetcap-az-realjun-folgada,0.8545454545454545,4.624619207952541e-05
az-anticorr-alta,hetcap-az-anticorr-folgada,0.8440722199302098,0.0003281542287518693
az-anticorr-alta,pue-az-realjun-folgada,0.8440722199302098,0.0003281542287518693
az-anticorr-alta,pue-go-realjun-folgada,0.7706746355884524,0.0010393630991335228
go-realjun-folgada,go-realjun-alta,0.8440722199302099,0.0003281542287518693
go-realjun-folgada,go-flat-folgada,0.7925939239012171,0.0009119365662494579
go-realjun-folgada,go-flat-alta,0.3396831102433787,0.15522863417295543
go-realjun-folgada,go-anticorr-folgada,0.9259259259259258,8.999895879346697e-05
go-realjun-folgada,go-anticorr-alta,0.587180674734059,0.01246215829454031
go-realjun-folgada,net100-az-realjun-folgada,0.8888888888888888,0.00017029377577951654
go-realjun-folgada,net100-go-realjun-folgada,0.9999999999999999,2.3434607292951027e-05
go-realjun-folgada,net100-az-anticorr-folgada,0.7037037037037037,0.002918218884552016
go-realjun-folgada,net100-az-realjun-alta,0.8807710121010884,0.0001781293054554629
go-realjun-folgada,geo3-az-realjun-folgada,0.6238794669049377,0.007931923532795267
go-realjun-folgada,geo3-go-realjun-folgada,0.7706746355884524,0.0010393630991335228
go-realjun-folgada,hetcap-az-realjun-folgada,0.7706746355884524,0.0010393630991335228
go-realjun-folgada,hetcap-az-anticorr-folgada,0.9259259259259258,8.999895879346697e-05
go-realjun-folgada,pue-az-realjun-folgada,0.9259259259259258,8.999895879346697e-05
go-realjun-folgada,pue-go-realjun-folgada,0.9999999999999999,2.3434607292951027e-05
go-realjun-alta,go-flat-folgada,0.6731618328060892,0.004593123212126663
go-realjun-alta,go-flat-alta,0.2991830368027063,0.20778723575142055
go-realjun-alta,go-anticorr-folgada,0.7706746355884524,0.0010393630991335228
go-realjun-alta,go-anticorr-alta,0.6727272727272727,0.0031063111271444604
go-realjun-alta,net100-az-realjun-folgada,0.8073734277593311,0.0005907573118657001
go-realjun-alta,net100-go-realjun-folgada,0.8440722199302098,0.0003281542287518693
go-realjun-alta,net100-az-anticorr-folgada,0.7706746355884524,0.0010393630991335228
go-realjun-alta,net100-az-realjun-alta,0.8909090909090909,1.3728555395222063e-05
go-realjun-alta,geo3-az-realjun-folgada,0.6363636363636364,0.005707170915504249
go-realjun-alta,geo3-go-realjun-folgada,0.6727272727272727,0.0031063111271444604
go-realjun-alta,hetcap-az-realjun-folgada,0.9272727272727274,3.2567740901074234e-06
go-realjun-alta,hetcap-az-anticorr-folgada,0.8440722199302098,0.0003281542287518693
go-realjun-alta,pue-az-realjun-folgada,0.8440722199302098,0.0003281542287518693
go-realjun-alta,pue-go-realjun-folgada,0.8440722199302098,0.0003281542287518693
go-flat-folgada,go-flat-alta,0.15384615384615385,0.5242683287540432
go-flat-folgada,go-anticorr-folgada,0.7925939239012171,0.0009119365662494579
go-flat-folgada,go-anticorr-alta,0.3739787960033829,0.11535073302213321
go-flat-folgada,net100-az-realjun-folgada,0.6793662204867575,0.004474629307395965
go-flat-folgada,net100-go-realjun-folgada,0.7925939239012171,0.0009119365662494579
go-flat-folgada,net100-az-anticorr-folgada,0.5661385170722979,0.01784403543737972
go-flat-folgada,net100-az-realjun-alta,0.6731618328060892,0.004593123212126663
go-flat-folgada,geo3-az-realjun-folgada,0.5983660736054126,0.011757284886714786
go-flat-folgada,geo3-go-realjun-folgada,0.6357639532057509,0.007432770429930747
go-flat-folgada,hetcap-az-realjun-folgada,0.5983660736054126,0.011757284886714786
go-flat-folgada,hetcap-az-anticorr-folgada,0.7171087882915773,0.002695111117322818
go-flat-folgada,pue-az-realjun-folgada,0.7171087882915773,0.002695111117322818
go-flat-folgada,pue-go-realjun-folgada,0.7925939239012171,0.0009119365662494579
go-flat-alta,go-anticorr-folgada,0.264197974633739,0.26896116512556245
go-flat-alta,go-anticorr-alta,0.3739787960033829,0.11535073302213321
go-flat-alta,net100-az-realjun-folgada,0.3019405424385589,0.20645242528496854
go-flat-alta,net100-go-realjun-folgada,0.33968311024337877,0.15522863417295543
go-flat-alta,net100-az-anticorr-folgada,0.1887128390240993,0.429753879302204
go-flat-alta,net100-az-realjun-alta,0.2991830368027063,0.20778723575142055
go-flat-alta,geo3-az-realjun-folgada,0.22438727760202973,0.3447839777847522
go-flat-alta,geo3-go-realjun-folgada,0.26178515720236806,0.2703685816257839
go-flat-alta,hetcap-az-realjun-folgada,0.22438727760202973,0.3447839777847522
go-flat-alta,hetcap-az-anticorr-folgada,0.33968311024337877,0.15522863417295543
go-flat-alta,pue-az-realjun-folgada,0.33968311024337877,0.15522863417295543
go-flat-alta,pue-go-realjun-folgada,0.33968311024337877,0.15522863417295543
go-anticorr-folgada,go-anticorr-alta,0.5137830903923016,0.028783965875738362
go-anticorr-folgada,net100-az-realjun-folgada,0.8888888888888888,0.00017029377577951654
go-anticorr-folgada,net100-go-realjun-folgada,0.9259259259259258,8.999895879346697e-05
go-anticorr-folgada,net100-az-anticorr-folgada,0.7037037037037037,0.002918218884552016
go-anticorr-folgada,net100-az-realjun-alta,0.8807710121010884,0.0001781293054554629
go-anticorr-folgada,geo3-az-realjun-folgada,0.697277051246695,0.0030042622393982835
go-anticorr-folgada,geo3-go-realjun-folgada,0.697277051246695,0.0030042622393982835
go-anticorr-folgada,hetcap-az-realjun-folgada,0.7706746355884524,0.0010393630991335228
go-anticorr-folgada,hetcap-az-anticorr-folgada,0.9259259259259258,8.999895879346697e-05
go-anticorr-folgada,pue-az-realjun-folgada,0.9259259259259258,8.999895879346697e-05
go-anticorr-folgada,pue-go-realjun-folgada,0.9259259259259258,8.999895879346697e-05
go-anticorr-alta,net100-az-realjun-folgada,0.5504818825631803,0.019149571500766134
go-anticorr-alta,net100-go-realjun-folgada,0.587180674734059,0.01246215829454031
go-anticorr-alta,net100-az-anticorr-folgada,0.4403855060505442,0.060918690779716476
go-anticorr-alta,net100-az-realjun-alta,0.6363636363636364,0.005707170915504249
go-anticorr-alta,geo3-az-realjun-folgada,0.38181818181818183,0.12097096961680295
go-anticorr-alta,geo3-go-realjun-folgada,0.5636363636363636,0.016540504248837583
go-anticorr-alta,hetcap-az-realjun-folgada,0.6000000000000001,0.00994553671637005
go-anticorr-alta,hetcap-az-anticorr-folgada,0.587180674734059,0.01246215829454031
go-anticorr-alta,pue-az-realjun-folgada,0.587180674734059,0.01246215829454031
go-anticorr-alta,pue-go-realjun-folgada,0.587180674734059,0.01246215829454031
net100-az-realjun-folgada,net100-go-realjun-folgada,0.8888888888888888,0.00017029377577951654
net100-az-realjun-folgada,net100-az-anticorr-folgada,0.8148148148148148,0.0005686266662584609
net100-az-realjun-folgada,net100-az-realjun-alta,0.9174698042719671,9.448129391490142e-05
net100-az-realjun-folgada,geo3-az-realjun-folgada,0.6605782590758164,0.004936818556325078
net100-az-realjun-folgada,geo3-go-realjun-folgada,0.6605782590758164,0.004936818556325078
net100-az-realjun-folgada,hetcap-az-realjun-folgada,0.8807710121010884,0.0001781293054554629
net100-az-realjun-folgada,hetcap-az-anticorr-folgada,0.9629629629629629,4.6465836804030796e-05
net100-az-realjun-folgada,pue-az-realjun-folgada,0.9629629629629629,4.6465836804030796e-05
net100-az-realjun-folgada,pue-go-realjun-folgada,0.8888888888888888,0.00017029377577951654
net100-go-realjun-folgada,net100-az-anticorr-folgada,0.7037037037037037,0.002918218884552016
net100-go-realjun-folgada,net100-az-realjun-alta,0.8807710121010884,0.0001781293054554629
net100-go-realjun-folgada,geo3-az-realjun-folgada,0.6238794669049377,0.007931923532795267
net100-go-realjun-folgada,geo3-go-realjun-folgada,0.7706746355884524,0.0010393630991335228
net100-go-realjun-folgada,hetcap-az-realjun-folgada,0.7706746355884524,0.0010393630991335228
net100-go-realjun-folgada,hetcap-az-anticorr-folgada,0.9259259259259258,8.999895879346697e-05
net100-go-realjun-folgada,pue-az-realjun-folgada,0.9259259259259258,8.999895879346697e-05
net100-go-realjun-folgada,pue-go-realjun-folgada,0.9999999999999999,2.3434607292951027e-05
net100-az-anticorr-folgada,net100-az-realjun-alta,0.7339758434175737,0.0017872890369872662
net100-az-anticorr-folgada,geo3-az-realjun-folgada,0.5504818825631803,0.019149571500766134
net100-az-anticorr-folgada,geo3-go-realjun-folgada,0.4770842982214229,0.04233022912136072
net100-az-anticorr-folgada,hetcap-az-realjun-folgada,0.8440722199302099,0.0003281542287518693
net100-az-anticorr-folgada,hetcap-az-anticorr-folgada,0.7777777777777777,0.0010036183650044851
net100-az-anticorr-folgada,pue-az-realjun-folgada,0.7777777777777777,0.0010036183650044851
net100-az-anticorr-folgada,pue-go-realjun-folgada,0.7037037037037037,0.002918218884552016
net100-az-realjun-alta,geo3-az-realjun-folgada,0.6727272727272727,0.0031063111271444604
net100-az-realjun-alta,geo3-go-realjun-folgada,0.7090909090909091,0.0015912097162097162
net100-az-realjun-alta,hetcap-az-realjun-folgada,0.8909090909090909,1.3728555395222063e-05
net100-az-realjun-alta,hetcap-az-anticorr-folgada,0.9541685964428458,4.896400204355126e-05
net100-az-realjun-alta,pue-az-realjun-folgada,0.9541685964428458,4.896400204355126e-05
net100-az-realjun-alta,pue-go-realjun-folgada,0.8807710121010884,0.0001781293054554629
geo3-az-realjun-folgada,geo3-go-realjun-folgada,0.38181818181818183,0.12097096961680295
geo3-az-realjun-folgada,hetcap-az-realjun-folgada,0.6363636363636364,0.005707170915504249
geo3-az-realjun-folgada,hetcap-az-anticorr-folgada,0.697277051246695,0.0030042622393982835
geo3-az-realjun-folgada,pue-az-realjun-folgada,0.697277051246695,0.0030042622393982835
geo3-az-realjun-folgada,pue-go-realjun-folgada,0.6238794669049376,0.007931923532795267
geo3-go-realjun-folgada,hetcap-az-realjun-folgada,0.6000000000000001,0.00994553671637005
geo3-go-realjun-folgada,hetcap-az-anticorr-folgada,0.697277051246695,0.0030042622393982835
geo3-go-realjun-folgada,pue-az-realjun-folgada,0.697277051246695,0.0030042622393982835
geo3-go-realjun-folgada,pue-go-realjun-folgada,0.7706746355884524,0.0010393630991335228
hetcap-az-realjun-folgada,hetcap-az-anticorr-folgada,0.8440722199302098,0.0003281542287518693
hetcap-az-realjun-folgada,pue-az-realjun-folgada,0.8440722199302098,0.0003281542287518693
hetcap-az-realjun-folgada,pue-go-realjun-folgada,0.7706746355884524,0.0010393630991335228
hetcap-az-anticorr-folgada,pue-az-realjun-folgada,0.9999999999999999,2.3434607292951027e-05
hetcap-az-anticorr-folgada,pue-go-realjun-folgada,0.9259259259259258,8.999895879346697e-05
pue-az-realjun-folgada,pue-go-realjun-folgada,0.9259259259259258,8.999895879346697e-05
