celula,metrica,algoritmo,media,posto_medio,vencedor
az-anticorr-alta,total_gco2,best_fit,52885.46138647305,7.0,False
az-anticorr-alta,total_gco2,bfd,53243.60252195082,9.0,False
az-anticorr-alta,total_gco2,cnemesis,48664.03525895125,3.0,False
az-anticorr-alta,total_gco2,ffd,52891.73254178553,8.0,False
az-anticorr-alta,total_gco2,first_fit,52847.748235157225,6.0,False
az-anticorr-alta,total_gco2,follow_renewables,43230.60697632542,1.0,True
az-anticorr-alta,total_gco2,followme_s,48475.96910911208,2.0,False
az-anticorr-alta,total_gco2,lowest_carbon_dc,48892.10513126448,4.0,False
az-anticorr-alta,total_gco2,round_robin,57961.67689287796,11.0,False
az-anticorr-alta,total_gco2,worst_fit,55226.00865260796,10.0,False
az-anticorr-alta,total_gco2,wsnb,49022.96746482879,5.0,False
az-anticorr-alta,total_kwh,best_fit,144.36187594725268,4.0,False
az-anticorr-alta,total_kwh,bfd,145.06831831933778,9.0,False
az-anticorr-alta,total_kwh,cnemesis,144.4617189982293,5.0,False
az-anticorr-alta,total_kwh,ffd,144.52476910475295,6.0,False
az-anticorr-alta,total_kwh,first_fit,144.27518225857926,3.0,False
az-anticorr-alta,total_kwh,follow_renewables,138.12839743613776,1.0,True
az-anticorr-alta,total_kwh,followme_s,143.8978132431994,2.0,False
az-anticorr-alta,total_kwh,lowest_carbon_dc,144.6635876705305,8.0,False
az-anticorr-alta,total_kwh,round_robin,159.40002048672028,11.0,False
az-anticorr-alta,total_kwh,worst_fit,150.75585771840682,10.0,False
az-anticorr-alta,total_kwh,wsnb,144.53031431469134,7.0,False
az-anticorr-alta,gco2_por_vm,best_fit,5.5480889219028295,7.0,False
az-anticorr-alta,gco2_por_vm,bfd,5.623678217633487,9.0,False
az-anticorr-alta,gco2_por_vm,cnemesis,5.05975024929513,2.0,False
az-anticorr-alta,gco2_por_vm,ffd,5.575941566671485,8.0,False
az-anticorr-alta,gco2_por_vm,first_fit,5.527484004195767,6.0,False
az-anticorr-alta,gco2_por_vm,follow_renewables,4.465406157224716,1.0,True
az-anticorr-alta,gco2_por_vm,followme_s,5.060075304234317,3.0,False
az-anticorr-alta,gco2_por_vm,lowest_carbon_dc,5.119163764896822,4.0,False
az-anticorr-alta,gco2_por_vm,round_robin,6.010903920862329,11.0,False
az-anticorr-alta,gco2_por_vm,worst_fit,5.720651609039717,10.0,False
az-anticorr-alta,gco2_por_vm,wsnb,5.126876970482043,5.0,False
az-anticorr-folgada,total_gco2,best_fit,13067.43298514617,8.0,False
az-anticorr-folgada,total_gco2,bfd,15281.570267672907,9.0,False
az-anticorr-folgada,total_gco2,cnemesis,5931.539685822406,2.0,False
az-anticorr-folgada,total_gco2,ffd,9894.365426434997,7.0,False
az-anticorr-folgada,total_gco2,first_fit,8916.013107283536,6.0,False
az-anticorr-folgada,total_gco2,follow_renewables,6387.852436970177,4.5,False
az-anticorr-folgada,total_gco2,followme_s,5546.0102356120515,1.0,True
az-anticorr-folgada,total_gco2,lowest_carbon_dc,6387.852436970177,4.5,False
az-anticorr-folgada,total_gco2,round_robin,46502.746919215075,11.0,False
az-anticorr-folgada,total_gco2,worst_fit,21573.171907730182,10.0,False
az-anticorr-folgada,total_gco2,wsnb,6186.408631262936,3.0,False
az-anticorr-folgada,total_kwh,best_fit,45.35104637995434,2.0,False
az-anticorr-folgada,total_kwh,bfd,47.29409616476342,7.0,False
az-anticorr-folgada,total_kwh,cnemesis,46.418105353608745,6.0,False
az-anticorr-folgada,total_kwh,ffd,46.27933495967997,5.0,False
az-anticorr-folgada,total_kwh,first_fit,44.919800074774656,1.0,True
az-anticorr-folgada,total_kwh,follow_renewables,47.72367415347146,8.5,False
az-anticorr-folgada,total_kwh,followme_s,45.83542919496885,4.0,False
az-anticorr-folgada,total_kwh,lowest_carbon_dc,47.72367415347146,8.5,False
az-anticorr-folgada,total_kwh,round_robin,131.8991683511138,11.0,False
az-anticorr-folgada,total_kwh,worst_fit,61.571565760142114,10.0,False
az-anticorr-folgada,total_kwh,wsnb,45.52694442022146,3.0,False
az-anticorr-folgada,gco2_por_vm,best_fit,6.533716492573086,8.0,False
az-anticorr-folgada,gco2_por_vm,bfd,7.640785133836454,9.0,False
az-anticorr-folgada,gco2_por_vm,cnemesis,2.9657698429112025,2.0,False
az-anticorr-folgada,gco2_por_vm,ffd,4.947182713217499,7.0,False
az-anticorr-folgada,gco2_por_vm,first_fit,4.458006553641767,6.0,False
az-anticorr-folgada,gco2_por_vm,follow_renewables,3.193926218485089,4.5,False
az-anticorr-folgada,gco2_por_vm,followme_s,2.7730051178060253,1.0,True
az-anticorr-folgada,gco2_por_vm,lowest_carbon_dc,3.193926218485089,4.5,False
az-anticorr-folgada,gco2_por_vm,round_robin,23.25137345960754,11.0,False
az-anticorr-folgada,gco2_por_vm,worst_fit,10.78658595386509,10.0,False
az-anticorr-folgada,gco2_por_vm,wsnb,3.093204315631468,3.0,False
az-em2021-alta,total_gco2,best_fit,66652.50168051374,8.0,False
az-em2021-alta,total_gco2,bfd,67012.57307437257,9.0,False
az-em2021-alta,total_gco2,cnemesis,63395.46690723869,3.0,False
az-em2021-alta,total_gco2,ffd,66199.04302152157,7.0,False
az-em2021-alta,total_gco2,first_fit,66082.94384648207,6.0,False
az-em2021-alta,total_gco2,follow_renewables,62180.41628277019,1.0,True
az-em2021-alta,total_gco2,followme_s,63077.6971575442,2.0,False
az-em2021-alta,total_gco2,lowest_carbon_dc,63576.32204197531,4.0,False
az-em2021-alta,total_gco2,round_robin,73577.13628258526,11.0,False
az-em2021-alta,total_gco2,worst_fit,69622.98436789928,10.0,False
az-em2021-alta,total_gco2,wsnb,63625.65940085015,5.0,False
az-em2021-alta,total_kwh,best_fit,144.24698152580717,7.0,False
az-em2021-alta,total_kwh,bfd,145.10754758117437,9.0,False
az-em2021-alta,total_kwh,cnemesis,143.4569807131876,3.0,False
az-em2021-alta,total_kwh,ffd,144.56871460055956,8.0,False
az-em2021-alta,total_kwh,first_fit,144.2254330196693,6.0,False
az-em2021-alta,total_kwh,follow_renewables,141.67776512243762,1.0,True
az-em2021-alta,total_kwh,followme_s,142.73394846658277,2.0,False
az-em2021-alta,total_kwh,lowest_carbon_dc,143.67537957256337,4.0,False
az-em2021-alta,total_kwh,round_robin,159.3189778807632,11.0,False
az-em2021-alta,total_kwh,worst_fit,150.83172954546532,10.0,False
az-em2021-alta,total_kwh,wsnb,143.72235922242402,5.0,False
az-em2021-alta,gco2_por_vm,best_fit,6.978520701468243,7.0,False
az-em2021-alta,gco2_por_vm,bfd,7.068014825325866,9.0,False
az-em2021-alta,gco2_por_vm,cnemesis,6.585830610276268,3.0,False
az-em2021-alta,gco2_por_vm,ffd,6.981689266488907,8.0,False
az-em2021-alta,gco2_por_vm,first_fit,6.907876599441691,6.0,False
az-em2021-alta,gco2_por_vm,follow_renewables,6.467599712789729,1.0,True
az-em2021-alta,gco2_por_vm,followme_s,6.573234123814437,2.0,False
az-em2021-alta,gco2_por_vm,lowest_carbon_dc,6.646894831903488,4.0,False
az-em2021-alta,gco2_por_vm,round_robin,7.629635288933175,11.0,False
az-em2021-alta,gco2_por_vm,worst_fit,7.208979386026387,10.0,False
az-em2021-alta,gco2_por_vm,wsnb,6.659787195160145,5.0,False
az-em2021-folgada,total_gco2,best_fit,23468.63171085179,8.0,False
az-em2021-folgada,total_gco2,bfd,23605.555143461574,9.0,False
az-em2021-folgada,total_gco2,cnemesis,8269.070459107821,4.0,False
az-em2021-folgada,total_gco2,ffd,20544.793378441616,6.0,False
az-em2021-folgada,total_gco2,first_fit,20662.855557453422,7.0,False
az-em2021-folgada,total_gco2,follow_renewables,7899.887023194775,2.0,False
az-em2021-folgada,total_gco2,followme_s,7438.544965528716,1.0,True
az-em2021-folgada,total_gco2,lowest_carbon_dc,8317.872300461024,5.0,False
az-em2021-folgada,total_gco2,round_robin,60698.951847766526,11.0,False
az-em2021-folgada,total_gco2,worst_fit,28108.733526818734,10.0,False
az-em2021-folgada,total_gco2,wsnb,8234.620932805434,3.0,False
az-em2021-folgada,total_kwh,best_fit,45.226224498907854,7.0,False
az-em2021-folgada,total_kwh,bfd,47.46244301485055,9.0,False
az-em2021-folgada,total_kwh,cnemesis,40.47954338833569,2.0,False
az-em2021-folgada,total_kwh,ffd,46.316375360317934,8.0,False
az-em2021-folgada,total_kwh,first_fit,44.85287134346774,6.0,False
az-em2021-folgada,total_kwh,follow_renewables,42.49251662108547,3.0,False
az-em2021-folgada,total_kwh,followme_s,39.61879906257635,1.0,True
az-em2021-folgada,total_kwh,lowest_carbon_dc,42.97352862108339,5.0,False
az-em2021-folgada,total_kwh,round_robin,131.70635401233807,11.0,False
az-em2021-folgada,total_kwh,worst_fit,61.25013071388287,10.0,False
az-em2021-folgada,total_kwh,wsnb,42.71704877339421,4.0,False
az-em2021-folgada,gco2_por_vm,best_fit,11.734315855425894,8.0,False
az-em2021-folgada,gco2_por_vm,bfd,11.802777571730788,9.0,False
az-em2021-folgada,gco2_por_vm,cnemesis,4.13453522955391,4.0,False
az-em2021-folgada,gco2_por_vm,ffd,10.272396689220807,6.0,False
az-em2021-folgada,gco2_por_vm,first_fit,10.33142777872671,7.0,False
az-em2021-folgada,gco2_por_vm,follow_renewables,3.949943511597387,2.0,False
az-em2021-folgada,gco2_por_vm,followme_s,3.7192724827643575,1.0,True
az-em2021-folgada,gco2_por_vm,lowest_carbon_dc,4.15893615023051,5.0,False
az-em2021-folgada,gco2_por_vm,round_robin,30.34947592388326,11.0,False
az-em2021-folgada,gco2_por_vm,worst_fit,14.054366763409366,10.0,False
az-em2021-folgada,gco2_por_vm,wsnb,4.117310466402716,3.0,False
az-flat-alta,total_gco2,best_fit,68571.89107494985,4.0,False
az-flat-alta,total_gco2,bfd,68907.45120168895,9.0,False
az-flat-alta,total_gco2,cnemesis,67487.50304957581,1.0,True
az-flat-alta,total_gco2,ffd,68649.26532476117,8.0,False
az-flat-alta,total_gco2,first_fit,68530.71157282995,3.0,False
az-flat-alta,total_gco2,follow_renewables,68593.86753662648,6.0,False
az-flat-alta,total_gco2,followme_s,68180.92568415968,2.0,False
az-flat-alta,total_gco2,lowest_carbon_dc,68593.86753662648,6.0,False
az-flat-alta,total_gco2,round_robin,75715.00973119843,11.0,False
az-flat-alta,total_gco2,worst_fit,71609.03241624887,10.0,False
az-flat-alta,total_gco2,wsnb,68593.86753662648,6.0,False
az-flat-alta,total_kwh,best_fit,144.36187594725268,4.0,False
az-flat-alta,total_kwh,bfd,145.06831831933778,9.0,False
az-flat-alta,total_kwh,cnemesis,142.07895378857162,1.0,True
az-flat-alta,total_kwh,ffd,144.52476910475295,8.0,False
az-flat-alta,total_kwh,first_fit,144.27518225857926,3.0,False
az-flat-alta,total_kwh,follow_renewables,144.40814218236144,6.0,False
az-flat-alta,total_kwh,followme_s,143.53879091401203,2.0,False
az-flat-alta,total_kwh,lowest_carbon_dc,144.40814218236144,6.0,False
az-flat-alta,total_kwh,round_robin,159.40002048672028,11.0,False
az-flat-alta,total_kwh,worst_fit,150.75585771840682,10.0,False
az-flat-alta,total_kwh,wsnb,144.40814218236144,6.0,False
az-flat-alta,gco2_por_vm,best_fit,7.193726106356292,7.0,False
az-flat-alta,gco2_por_vm,bfd,7.278114292730033,9.0,False
az-flat-alta,gco2_por_vm,cnemesis,7.058896151137891,1.0,True
az-flat-alta,gco2_por_vm,ffd,7.237146863439718,8.0,False
az-flat-alta,gco2_por_vm,first_fit,7.167810872623744,3.0,False
az-flat-alta,gco2_por_vm,follow_renewables,7.18171102579512,5.0,False
az-flat-alta,gco2_por_vm,followme_s,7.1177095179796535,2.0,False
az-flat-alta,gco2_por_vm,lowest_carbon_dc,7.18171102579512,5.0,False
az-flat-alta,gco2_por_vm,round_robin,7.852004069861278,11.0,False
az-flat-alta,gco2_por_vm,worst_fit,7.417706349548016,10.0,False
az-flat-alta,gco2_por_vm,wsnb,7.18171102579512,5.0,False
az-flat-folgada,total_gco2,best_fit,21541.747030479026,3.0,False
az-flat-folgada,total_gco2,bfd,22464.69567826337,6.0,False
az-flat-folgada,total_gco2,cnemesis,21574.817808524705,4.0,False
az-flat-folgada,total_gco2,ffd,21982.68410584969,5.0,False
az-flat-folgada,total_gco2,first_fit,21336.90503551969,2.0,False
az-flat-folgada,total_gco2,follow_renewables,22909.16186988176,8.0,False
az-flat-folgada,total_gco2,followme_s,21082.11548118105,1.0,True
az-flat-folgada,total_gco2,lowest_carbon_dc,22909.16186988176,8.0,False
az-flat-folgada,total_gco2,round_robin,62652.10496678292,11.0,False
az-flat-folgada,total_gco2,worst_fit,29246.493736066896,10.0,False
az-flat-folgada,total_gco2,wsnb,22909.16186988176,8.0,False
az-flat-folgada,total_kwh,best_fit,45.35104637995434,3.0,False
az-flat-folgada,total_kwh,bfd,47.29409616476342,6.0,False
az-flat-folgada,total_kwh,cnemesis,45.42066907057558,4.0,False
az-flat-folgada,total_kwh,ffd,46.27933495967997,5.0,False
az-flat-folgada,total_kwh,first_fit,44.919800074774656,2.0,False
az-flat-folgada,total_kwh,follow_renewables,48.22981446290517,8.0,False
az-flat-folgada,total_kwh,followme_s,44.38340101301033,1.0,True
az-flat-folgada,total_kwh,lowest_carbon_dc,48.22981446290517,8.0,False
az-flat-folgada,total_kwh,round_robin,131.8991683511138,11.0,False
az-flat-folgada,total_kwh,worst_fit,61.571565760142114,10.0,False
az-flat-folgada,total_kwh,wsnb,48.22981446290517,8.0,False
az-flat-folgada,gco2_por_vm,best_fit,10.770873515239519,3.0,False
az-flat-folgada,gco2_por_vm,bfd,11.232347839131684,6.0,False
az-flat-folgada,gco2_por_vm,cnemesis,10.787408904262353,4.0,False
az-flat-folgada,gco2_por_vm,ffd,10.991342052924846,5.0,False
az-flat-folgada,gco2_por_vm,first_fit,10.668452517759837,2.0,False
az-flat-folgada,gco2_por_vm,follow_renewables,11.454580934940882,8.0,False
az-flat-folgada,gco2_por_vm,followme_s,10.541057740590526,1.0,True
az-flat-folgada,gco2_por_vm,lowest_carbon_dc,11.454580934940882,8.0,False
az-flat-folgada,gco2_por_vm,round_robin,31.326052483391457,11.0,False
az-flat-folgada,gco2_por_vm,worst_fit,14.62324686803345,10.0,False
az-flat-folgada,gco2_por_vm,wsnb,11.454580934940882,8.0,False
az-realjan-alta,total_gco2,best_fit,64861.45340098076,8.0,False
az-realjan-alta,total_gco2,bfd,65153.78477414806,9.0,False
az-realjan-alta,total_gco2,cnemesis,60405.75283766492,3.0,False
az-realjan-alta,total_gco2,ffd,63479.19592045095,6.0,False
az-realjan-alta,total_gco2,first_fit,63529.90441490204,7.0,False
az-realjan-alta,total_gco2,follow_renewables,57076.94767505791,1.0,True
az-realjan-alta,total_gco2,followme_s,60041.75224319645,2.0,False
az-realjan-alta,total_gco2,lowest_carbon_dc,60512.66914617041,4.0,False
az-realjan-alta,total_gco2,round_robin,73079.97289238227,11.0,False
az-realjan-alta,total_gco2,worst_fit,68673.78171325829,10.0,False
az-realjan-alta,total_gco2,wsnb,60543.64884915357,5.0,False
az-realjan-alta,total_kwh,best_fit,144.36187594725268,7.0,False
az-realjan-alta,total_kwh,bfd,145.06831831933778,9.0,False
az-realjan-alta,total_kwh,cnemesis,143.54537776724388,3.0,False
az-realjan-alta,total_kwh,ffd,144.52476910475295,8.0,False
az-realjan-alta,total_kwh,first_fit,144.27518225857926,6.0,False
az-realjan-alta,total_kwh,follow_renewables,138.83275048258665,1.0,True
az-realjan-alta,total_kwh,followme_s,142.78696617871097,2.0,False
az-realjan-alta,total_kwh,lowest_carbon_dc,143.66685542416107,4.0,False
az-realjan-alta,total_kwh,round_robin,159.40002048672028,11.0,False
az-realjan-alta,total_kwh,worst_fit,150.75585771840682,10.0,False
az-realjan-alta,total_kwh,wsnb,143.67882609047996,5.0,False
az-realjan-alta,gco2_por_vm,best_fit,6.80447869181006,8.0,False
az-realjan-alta,gco2_por_vm,bfd,6.88165212808884,9.0,False
az-realjan-alta,gco2_por_vm,cnemesis,6.286074564195468,3.0,False
az-realjan-alta,gco2_por_vm,ffd,6.692130228937336,7.0,False
az-realjan-alta,gco2_por_vm,first_fit,6.644784160763317,6.0,False
az-realjan-alta,gco2_por_vm,follow_renewables,5.926657044314644,1.0,True
az-realjan-alta,gco2_por_vm,followme_s,6.2672231754538155,2.0,False
az-realjan-alta,gco2_por_vm,lowest_carbon_dc,6.336210961942852,4.0,False
az-realjan-alta,gco2_por_vm,round_robin,7.578739180767317,11.0,False
az-realjan-alta,gco2_por_vm,worst_fit,7.113654964868556,10.0,False
az-realjan-alta,gco2_por_vm,wsnb,6.341682953701675,5.0,False
az-realjan-folgada,total_gco2,best_fit,21521.22836317863,9.0,False
az-realjan-folgada,total_gco2,bfd,21391.617040010162,8.0,False
az-realjan-folgada,total_gco2,cnemesis,5628.393432524473,2.0,False
az-realjan-folgada,total_gco2,ffd,13041.780256247843,7.0,False
az-realjan-folgada,total_gco2,first_fit,13010.10244011268,6.0,False
az-realjan-folgada,total_gco2,follow_renewables,5963.489357538987,3.5,False
az-realjan-folgada,total_gco2,followme_s,5367.674907812067,1.0,True
az-realjan-folgada,total_gco2,lowest_carbon_dc,5963.489357538987,3.5,False
az-realjan-folgada,total_gco2,round_robin,60837.410131365665,11.0,False
az-realjan-folgada,total_gco2,worst_fit,27920.20081756571,10.0,False
az-realjan-folgada,total_gco2,wsnb,6515.946005692558,5.0,False
az-realjan-folgada,total_kwh,best_fit,45.35104637995434,7.0,False
az-realjan-folgada,total_kwh,bfd,47.29409616476342,9.0,False
az-realjan-folgada,total_kwh,cnemesis,41.645490479448576,2.0,False
az-realjan-folgada,total_kwh,ffd,46.27933495967997,8.0,False
az-realjan-folgada,total_kwh,first_fit,44.919800074774656,6.0,False
az-realjan-folgada,total_kwh,follow_renewables,42.95572202502511,4.5,False
az-realjan-folgada,total_kwh,followme_s,39.454079547098644,1.0,True
az-realjan-folgada,total_kwh,lowest_carbon_dc,42.95572202502511,4.5,False
az-realjan-folgada,total_kwh,round_robin,131.8991683511138,11.0,False
az-realjan-folgada,total_kwh,worst_fit,61.571565760142114,10.0,False
az-realjan-folgada,total_kwh,wsnb,42.59421708255025,3.0,False
az-realjan-folgada,gco2_por_vm,best_fit,10.760614181589316,9.0,False
az-realjan-folgada,gco2_por_vm,bfd,10.69580852000508,8.0,False
az-realjan-folgada,gco2_por_vm,cnemesis,2.814196716262236,2.0,False
az-realjan-folgada,gco2_por_vm,ffd,6.520890128123921,7.0,False
az-realjan-folgada,gco2_por_vm,first_fit,6.505051220056339,6.0,False
az-realjan-folgada,gco2_por_vm,follow_renewables,2.9817446787694935,3.5,False
az-realjan-folgada,gco2_por_vm,followme_s,2.6838374539060337,1.0,True
az-realjan-folgada,gco2_por_vm,lowest_carbon_dc,2.9817446787694935,3.5,False
az-realjan-folgada,gco2_por_vm,round_robin,30.41870506568284,11.0,False
az-realjan-folgada,gco2_por_vm,worst_fit,13.960100408782857,10.0,False
az-realjan-folgada,gco2_por_vm,wsnb,3.257973002846279,5.0,False
az-realjun-alta,total_gco2,best_fit,64861.45340098076,8.0,False
az-realjun-alta,total_gco2,bfd,65153.78477414806,9.0,False
az-realjun-alta,total_gco2,cnemesis,60405.75283766492,3.0,False
az-realjun-alta,total_gco2,ffd,63479.19592045095,6.0,False
az-realjun-alta,total_gco2,first_fit,63529.90441490204,7.0,False
az-realjun-alta,total_gco2,follow_renewables,57076.94767505791,1.0,True
az-realjun-alta,total_gco2,followme_s,60041.75224319645,2.0,False
az-realjun-alta,total_gco2,lowest_carbon_dc,60512.66914617041,4.0,False
az-realjun-alta,total_gco2,round_robin,73079.97289238227,11.0,False
az-realjun-alta,total_gco2,worst_fit,68673.78171325829,10.0,False
az-realjun-alta,total_gco2,wsnb,60543.64884915357,5.0,False
az-realjun-alta,total_kwh,best_fit,144.36187594725268,7.0,False
az-realjun-alta,total_kwh,bfd,145.06831831933778,9.0,False
az-realjun-alta,total_kwh,cnemesis,143.54537776724388,3.0,False
az-realjun-alta,total_kwh,ffd,144.52476910475295,8.0,False
az-realjun-alta,total_kwh,first_fit,144.27518225857926,6.0,False
az-realjun-alta,total_kwh,follow_renewables,138.83275048258665,1.0,True
az-realjun-alta,total_kwh,followme_s,142.78696617871097,2.0,False
az-realjun-alta,total_kwh,lowest_carbon_dc,143.66685542416107,4.0,False
az-realjun-alta,total_kwh,round_robin,159.40002048672028,11.0,False
az-realjun-alta,total_kwh,worst_fit,150.75585771840682,10.0,False
az-realjun-alta,total_kwh,wsnb,143.67882609047996,5.0,False
az-realjun-alta,gco2_por_vm,best_fit,6.80447869181006,8.0,False
az-realjun-alta,gco2_por_vm,bfd,6.88165212808884,9.0,False
az-realjun-alta,gco2_por_vm,cnemesis,6.286074564195468,3.0,False
az-realjun-alta,gco2_por_vm,ffd,6.692130228937336,7.0,False
az-realjun-alta,gco2_por_vm,first_fit,6.644784160763317,6.0,False
az-realjun-alta,gco2_por_vm,follow_renewables,5.926657044314644,1.0,True
az-realjun-alta,gco2_por_vm,followme_s,6.2672231754538155,2.0,False
az-realjun-alta,gco2_por_vm,lowest_carbon_dc,6.336210961942852,4.0,False
az-realjun-alta,gco2_por_vm,round_robin,7.578739180767317,11.0,False
az-realjun-alta,gco2_por_vm,worst_fit,7.113654964868556,10.0,False
az-realjun-alta,gco2_por_vm,wsnb,6.341682953701675,5.0,False
az-realjun-folgada,total_gco2,best_fit,21521.22836317863,9.0,False
az-realjun-folgada,total_gco2,bfd,21391.617040010162,8.0,False
az-realjun-folgada,total_gco2,cnemesis,5628.393432524473,2.0,False
az-realjun-folgada,total_gco2,ffd,13041.780256247843,7.0,False
az-realjun-folgada,total_gco2,first_fit,13010.10244011268,6.0,False
az-realjun-folgada,total_gco2,follow_renewables,5963.489357538987,3.5,False
az-realjun-folgada,total_gco2,followme_s,5367.674907812067,1.0,True
az-realjun-folgada,total_gco2,lowest_carbon_dc,5963.489357538987,3.5,False
az-realjun-folgada,total_gco2,round_robin,60837.410131365665,11.0,False
az-realjun-folgada,total_gco2,worst_fit,27920.20081756571,10.0,False
az-realjun-folgada,total_gco2,wsnb,6515.946005692558,5.0,False
az-realjun-folgada,total_kwh,best_fit,45.35104637995434,7.0,False
az-realjun-folgada,total_kwh,bfd,47.29409616476342,9.0,False
az-realjun-folgada,total_kwh,cnemesis,41.645490479448576,2.0,False
az-realjun-folgada,total_kwh,ffd,46.27933495967997,8.0,False
az-realjun-folgada,total_kwh,first_fit,44.919800074774656,6.0,False
az-realjun-folgada,total_kwh,follow_renewables,42.95572202502511,4.5,False
az-realjun-folgada,total_kwh,followme_s,39.454079547098644,1.0,True
az-realjun-folgada,total_kwh,lowest_carbon_dc,42.95572202502511,4.5,False
az-realjun-folgada,total_kwh,round_robin,131.8991683511138,11.0,False
az-realjun-folgada,total_kwh,worst_fit,61.571565760142114,10.0,False
az-realjun-folgada,total_kwh,wsnb,42.59421708255025,3.0,False
az-realjun-folgada,gco2_por_vm,best_fit,10.760614181589316,9.0,False
az-realjun-folgada,gco2_por_vm,bfd,10.69580852000508,8.0,False
az-realjun-folgada,gco2_por_vm,cnemesis,2.814196716262236,2.0,False
az-realjun-folgada,gco2_por_vm,ffd,6.520890128123921,7.0,False
az-realjun-folgada,gco2_por_vm,first_fit,6.505051220056339,6.0,False
az-realjun-folgada,gco2_por_vm,follow_renewables,2.9817446787694935,3.5,False
az-realjun-folgada,gco2_por_vm,followme_s,2.6838374539060337,1.0,True
az-realjun-folgada,gco2_por_vm,lowest_carbon_dc,2.9817446787694935,3.5,False
az-realjun-folgada,gco2_por_vm,round_robin,30.41870506568284,11.0,False
az-realjun-folgada,gco2_por_vm,worst_fit,13.960100408782857,10.0,False
az-realjun-folgada,gco2_por_vm,wsnb,3.257973002846279,5.0,False
geo3-az-realjun-folgada,total_gco2,best_fit,13439.68157269774,5.0,False
geo3-az-realjun-folgada,total_gco2,bfd,14677.287858246986,9.0,False
geo3-az-realjun-folgada,total_gco2,cnemesis,12603.908290055579,2.0,False
geo3-az-realjun-folgada,total_gco2,ffd,13588.980428483988,6.0,False
geo3-az-realjun-folgada,total_gco2,first_fit,12821.9941346993,4.0,False
geo3-az-realjun-folgada,total_gco2,follow_renewables,12795.44760676751,3.0,False
geo3-az-realjun-folgada,total_gco2,followme_s,12450.77723396325,1.0,True
geo3-az-realjun-folgada,total_gco2,lowest_carbon_dc,13836.14726165345,8.0,False
geo3-az-realjun-folgada,total_gco2,round_robin,15860.287679094976,11.0,False
geo3-az-realjun-folgada,total_gco2,worst_fit,15428.114193722746,10.0,False
geo3-az-realjun-folgada,total_gco2,wsnb,13695.080007077453,7.0,False
geo3-az-realjun-folgada,total_kwh,best_fit,45.161545120033566,5.0,False
geo3-az-realjun-folgada,total_kwh,bfd,48.09802868722444,9.0,False
geo3-az-realjun-folgada,total_kwh,cnemesis,42.862027775608446,2.0,False
geo3-az-realjun-folgada,total_kwh,ffd,45.480389670469705,7.0,False
geo3-az-realjun-folgada,total_kwh,first_fit,43.71869656375389,4.0,False
geo3-az-realjun-folgada,total_kwh,follow_renewables,43.71496115060388,3.0,False
geo3-az-realjun-folgada,total_kwh,followme_s,42.09861888376103,1.0,True
geo3-az-realjun-folgada,total_kwh,lowest_carbon_dc,45.76902394226763,8.0,False
geo3-az-realjun-folgada,total_kwh,round_robin,50.98375552253068,11.0,False
geo3-az-realjun-folgada,total_kwh,worst_fit,49.20051298007043,10.0,False
geo3-az-realjun-folgada,total_kwh,wsnb,45.27503463951155,6.0,False
geo3-az-realjun-folgada,gco2_por_vm,best_fit,6.71984078634887,5.0,False
geo3-az-realjun-folgada,gco2_por_vm,bfd,7.338643929123494,9.0,False
geo3-az-realjun-folgada,gco2_por_vm,cnemesis,6.30195414502779,2.0,False
geo3-az-realjun-folgada,gco2_por_vm,ffd,6.7944902142419945,6.0,False
geo3-az-realjun-folgada,gco2_por_vm,first_fit,6.41099706734965,4.0,False
geo3-az-realjun-folgada,gco2_por_vm,follow_renewables,6.397723803383756,3.0,False
geo3-az-realjun-folgada,gco2_por_vm,followme_s,6.225388616981625,1.0,True
geo3-az-realjun-folgada,gco2_por_vm,lowest_carbon_dc,6.918073630826724,8.0,False
geo3-az-realjun-folgada,gco2_por_vm,round_robin,7.930143839547488,11.0,False
geo3-az-realjun-folgada,gco2_por_vm,worst_fit,7.714057096861372,10.0,False
geo3-az-realjun-folgada,gco2_por_vm,wsnb,6.847540003538727,7.0,False
geo3-go-realjun-folgada,total_gco2,best_fit,11924.162788317131,10.0,False
geo3-go-realjun-folgada,total_gco2,bfd,11732.433464412637,9.0,False
geo3-go-realjun-folgada,total_gco2,cnemesis,10265.709006965448,6.0,False
geo3-go-realjun-folgada,total_gco2,ffd,10103.05715423254,5.0,False
geo3-go-realjun-folgada,total_gco2,first_fit,10740.380254273405,7.0,False
geo3-go-realjun-folgada,total_gco2,follow_renewables,9982.221371573763,3.0,False
geo3-go-realjun-folgada,total_gco2,followme_s,9456.964127946268,1.0,True
geo3-go-realjun-folgada,total_gco2,lowest_carbon_dc,9955.35240628685,2.0,False
geo3-go-realjun-folgada,total_gco2,round_robin,16633.472267788224,11.0,False
geo3-go-realjun-folgada,total_gco2,worst_fit,10898.796527141109,8.0,False
geo3-go-realjun-folgada,total_gco2,wsnb,9992.698882892044,4.0,False
geo3-go-realjun-folgada,total_kwh,best_fit,38.927310815412696,10.0,False
geo3-go-realjun-folgada,total_kwh,bfd,38.75558196453999,9.0,False
geo3-go-realjun-folgada,total_kwh,cnemesis,37.38415085114502,8.0,False
geo3-go-realjun-folgada,total_kwh,ffd,35.11888991608125,2.0,False
geo3-go-realjun-folgada,total_kwh,first_fit,36.60691278854776,6.0,False
geo3-go-realjun-folgada,total_kwh,follow_renewables,36.676250684486845,7.0,False
geo3-go-realjun-folgada,total_kwh,followme_s,35.298601694316375,3.0,False
geo3-go-realjun-folgada,total_kwh,lowest_carbon_dc,36.557818244816055,5.0,False
geo3-go-realjun-folgada,total_kwh,round_robin,52.947587250320716,11.0,False
geo3-go-realjun-folgada,total_kwh,worst_fit,34.70680234814348,1.0,True
geo3-go-realjun-folgada,total_kwh,wsnb,36.19873122363308,4.0,False
geo3-go-realjun-folgada,gco2_por_vm,best_fit,5.962081394158566,10.0,False
geo3-go-realjun-folgada,gco2_por_vm,bfd,5.866216732206318,9.0,False
geo3-go-realjun-folgada,gco2_por_vm,cnemesis,5.136194453079375,6.0,False
geo3-go-realjun-folgada,gco2_por_vm,ffd,5.05152857711627,5.0,False
geo3-go-realjun-folgada,gco2_por_vm,first_fit,5.386613147430182,7.0,False
geo3-go-realjun-folgada,gco2_por_vm,follow_renewables,4.994891151941128,3.0,False
geo3-go-realjun-folgada,gco2_por_vm,followme_s,4.7420095091411465,1.0,True
geo3-go-realjun-folgada,gco2_por_vm,lowest_carbon_dc,4.9921301354459855,2.0,False
geo3-go-realjun-folgada,gco2_por_vm,round_robin,8.399046221985026,11.0,False
geo3-go-realjun-folgada,gco2_por_vm,worst_fit,5.546740998450022,8.0,False
geo3-go-realjun-folgada,gco2_por_vm,wsnb,5.011131838279318,4.0,False
go-anticorr-alta,total_gco2,best_fit,53244.65186275859,9.0,False
go-anticorr-alta,total_gco2,bfd,52886.47549058202,6.0,False
go-anticorr-alta,total_gco2,cnemesis,49468.41697669573,3.0,False
go-anticorr-alta,total_gco2,ffd,53529.10303269381,10.0,False
go-anticorr-alta,total_gco2,first_fit,53240.1757999149,8.0,False
go-anticorr-alta,total_gco2,follow_renewables,48403.98367250452,1.0,True
go-anticorr-alta,total_gco2,followme_s,49068.30082207361,2.0,False
go-anticorr-alta,total_gco2,lowest_carbon_dc,49593.397068855105,4.0,False
go-anticorr-alta,total_gco2,round_robin,59104.69239157692,11.0,False
go-anticorr-alta,total_gco2,worst_fit,52957.17960184445,7.0,False
go-anticorr-alta,total_gco2,wsnb,49864.16133655355,5.0,False
go-anticorr-alta,total_kwh,best_fit,144.82389017569636,10.0,False
go-anticorr-alta,total_kwh,bfd,144.32341704524575,4.0,False
go-anticorr-alta,total_kwh,cnemesis,144.48117108260735,5.0,False
go-anticorr-alta,total_kwh,ffd,144.58944199957537,8.0,False
go-anticorr-alta,total_kwh,first_fit,144.22248121590204,3.0,False
go-anticorr-alta,total_kwh,follow_renewables,143.18911445074858,1.0,True
go-anticorr-alta,total_kwh,followme_s,143.88038615818553,2.0,False
go-anticorr-alta,total_kwh,lowest_carbon_dc,144.54481276768442,7.0,False
go-anticorr-alta,total_kwh,round_robin,162.78286499462834,11.0,False
go-anticorr-alta,total_kwh,worst_fit,144.48468521424155,6.0,False
go-anticorr-alta,total_kwh,wsnb,144.73398374693582,9.0,False
go-anticorr-alta,gco2_por_vm,best_fit,6.007391815639155,6.0,False
go-anticorr-alta,gco2_por_vm,bfd,6.3967509863575645,10.0,False
go-anticorr-alta,gco2_por_vm,cnemesis,5.573227090227653,2.0,False
go-anticorr-alta,gco2_por_vm,ffd,6.224523072919159,9.0,False
go-anticorr-alta,gco2_por_vm,first_fit,6.135193774014588,8.0,False
go-anticorr-alta,gco2_por_vm,follow_renewables,5.440584957437656,1.0,True
go-anticorr-alta,gco2_por_vm,followme_s,5.621064506058529,3.0,False
go-anticorr-alta,gco2_por_vm,lowest_carbon_dc,5.688890885623277,4.0,False
go-anticorr-alta,gco2_por_vm,round_robin,6.646800711292856,11.0,False
go-anticorr-alta,gco2_por_vm,worst_fit,6.06926990983309,7.0,False
go-anticorr-alta,gco2_por_vm,wsnb,5.7006180627825636,5.0,False
go-anticorr-folgada,total_gco2,best_fit,10387.594983271469,8.0,False
go-anticorr-folgada,total_gco2,bfd,10472.460964216323,9.0,False
go-anticorr-folgada,total_gco2,cnemesis,4064.6642563337623,2.0,False
go-anticorr-folgada,total_gco2,ffd,5403.808846682578,5.0,False
go-anticorr-folgada,total_gco2,first_fit,7655.6343726744035,7.0,False
go-anticorr-folgada,total_gco2,follow_renewables,4186.034080845277,3.5,False
go-anticorr-folgada,total_gco2,followme_s,3874.6260338538855,1.0,True
go-anticorr-folgada,total_gco2,lowest_carbon_dc,4186.034080845277,3.5,False
go-anticorr-folgada,total_gco2,round_robin,49753.3042345804,11.0,False
go-anticorr-folgada,total_gco2,worst_fit,24225.979685715567,10.0,False
go-anticorr-folgada,total_gco2,wsnb,5907.074916949787,6.0,False
go-anticorr-folgada,total_kwh,best_fit,40.95908066804803,4.0,False
go-anticorr-folgada,total_kwh,bfd,39.876150754149755,2.0,False
go-anticorr-folgada,total_kwh,cnemesis,41.974664921522,6.0,False
go-anticorr-folgada,total_kwh,ffd,36.85878477870257,1.0,True
go-anticorr-folgada,total_kwh,first_fit,39.95146818000945,3.0,False
go-anticorr-folgada,total_kwh,follow_renewables,43.808581530813186,8.5,False
go-anticorr-folgada,total_kwh,followme_s,42.629158132388866,7.0,False
go-anticorr-folgada,total_kwh,lowest_carbon_dc,43.808581530813186,8.5,False
go-anticorr-folgada,total_kwh,round_robin,136.74689296283728,11.0,False
go-anticorr-folgada,total_kwh,worst_fit,67.37688372565422,10.0,False
go-anticorr-folgada,total_kwh,wsnb,41.78031735923701,5.0,False
go-anticorr-folgada,gco2_por_vm,best_fit,5.193797491635734,8.0,False
go-anticorr-folgada,gco2_por_vm,bfd,5.236230482108161,9.0,False
go-anticorr-folgada,gco2_por_vm,cnemesis,2.032332128166881,2.0,False
go-anticorr-folgada,gco2_por_vm,ffd,2.7019044233412894,5.0,False
go-anticorr-folgada,gco2_por_vm,first_fit,3.8278171863372035,7.0,False
go-anticorr-folgada,gco2_por_vm,follow_renewables,2.0930170404226387,3.5,False
go-anticorr-folgada,gco2_por_vm,followme_s,1.9373130169269424,1.0,True
go-anticorr-folgada,gco2_por_vm,lowest_carbon_dc,2.0930170404226387,3.5,False
go-anticorr-folgada,gco2_por_vm,round_robin,24.925808999614578,11.0,False
go-anticorr-folgada,gco2_por_vm,worst_fit,12.26776996597806,10.0,False
go-anticorr-folgada,gco2_por_vm,wsnb,2.953537458474893,6.0,False
go-em2021-alta,total_gco2,best_fit,66713.29079875423,10.0,False
go-em2021-alta,total_gco2,bfd,66535.26072266678,9.0,False
go-em2021-alta,total_gco2,cnemesis,63572.187532289405,3.0,False
go-em2021-alta,total_gco2,ffd,66090.08696891843,7.0,False
go-em2021-alta,total_gco2,first_fit,65903.52365654455,6.0,False
go-em2021-alta,total_gco2,follow_renewables,63004.18113071793,1.0,True
go-em2021-alta,total_gco2,followme_s,63088.84400354681,2.0,False
go-em2021-alta,total_gco2,lowest_carbon_dc,63715.576552982,4.0,False
go-em2021-alta,total_gco2,round_robin,75187.76838250467,11.0,False
go-em2021-alta,total_gco2,worst_fit,66470.57860555725,8.0,False
go-em2021-alta,total_gco2,wsnb,63736.34234686378,5.0,False
go-em2021-alta,total_kwh,best_fit,144.70873896768234,10.0,False
go-em2021-alta,total_kwh,bfd,144.20314491663356,8.0,False
go-em2021-alta,total_kwh,cnemesis,143.43981286811353,3.0,False
go-em2021-alta,total_kwh,ffd,144.54142713528148,9.0,False
go-em2021-alta,total_kwh,first_fit,144.11281195752832,7.0,False
go-em2021-alta,total_kwh,follow_renewables,142.4753584257469,1.0,True
go-em2021-alta,total_kwh,followme_s,142.69953260566732,2.0,False
go-em2021-alta,total_kwh,lowest_carbon_dc,143.58862799633204,4.0,False
go-em2021-alta,total_kwh,round_robin,162.76776872172408,11.0,False
go-em2021-alta,total_kwh,worst_fit,143.95755695567007,6.0,False
go-em2021-alta,total_kwh,wsnb,143.59759789415773,5.0,False
go-em2021-alta,gco2_por_vm,best_fit,7.5251078088286745,6.0,False
go-em2021-alta,gco2_por_vm,bfd,8.051460193858533,10.0,False
go-em2021-alta,gco2_por_vm,cnemesis,7.1641181551632895,1.0,True
go-em2021-alta,gco2_por_vm,ffd,7.700312301908591,9.0,False
go-em2021-alta,gco2_por_vm,first_fit,7.595857826958597,7.0,False
go-em2021-alta,gco2_por_vm,follow_renewables,7.168501076299764,2.0,False
go-em2021-alta,gco2_por_vm,followme_s,7.2349663362046055,3.0,False
go-em2021-alta,gco2_por_vm,lowest_carbon_dc,7.322728748989138,5.0,False
go-em2021-alta,gco2_por_vm,round_robin,8.455283847147843,11.0,False
go-em2021-alta,gco2_por_vm,worst_fit,7.617718053850917,8.0,False
go-em2021-alta,gco2_por_vm,wsnb,7.3174480123486845,4.0,False
go-em2021-folgada,total_gco2,best_fit,19625.85427799187,8.0,False
go-em2021-folgada,total_gco2,bfd,19074.442037197103,6.0,False
go-em2021-folgada,total_gco2,cnemesis,5464.121466442981,3.0,False
go-em2021-folgada,total_gco2,ffd,19389.842760781816,7.0,False
go-em2021-folgada,total_gco2,first_fit,20186.36693924517,9.0,False
go-em2021-folgada,total_gco2,follow_renewables,5173.635682606495,1.0,True
go-em2021-folgada,total_gco2,followme_s,5319.61032575063,2.0,False
go-em2021-folgada,total_gco2,lowest_carbon_dc,5580.890473066696,4.0,False
go-em2021-folgada,total_gco2,round_robin,62559.045144154596,11.0,False
go-em2021-folgada,total_gco2,worst_fit,31035.94336726478,10.0,False
go-em2021-folgada,total_gco2,wsnb,6530.731541758697,5.0,False
go-em2021-folgada,total_kwh,best_fit,40.95371863546452,9.0,False
go-em2021-folgada,total_kwh,bfd,39.96818084836961,8.0,False
go-em2021-folgada,total_kwh,cnemesis,34.72871362428048,3.0,False
go-em2021-folgada,total_kwh,ffd,36.77029564280578,5.0,False
go-em2021-folgada,total_kwh,first_fit,39.892314718053164,7.0,False
go-em2021-folgada,total_kwh,follow_renewables,34.31269844254067,2.0,False
go-em2021-folgada,total_kwh,followme_s,34.09544236705956,1.0,True
go-em2021-folgada,total_kwh,lowest_carbon_dc,35.123419431696824,4.0,False
go-em2021-folgada,total_kwh,round_robin,137.04333558455423,11.0,False
go-em2021-folgada,total_kwh,worst_fit,67.28523683733385,10.0,False
go-em2021-folgada,total_kwh,wsnb,36.939574421451276,6.0,False
go-em2021-folgada,gco2_por_vm,best_fit,9.812927138995933,8.0,False
go-em2021-folgada,gco2_por_vm,bfd,9.53722101859855,6.0,False
go-em2021-folgada,gco2_por_vm,cnemesis,2.7320607332214903,3.0,False
go-em2021-folgada,gco2_por_vm,ffd,9.694921380390909,7.0,False
go-em2021-folgada,gco2_por_vm,first_fit,10.093183469622584,9.0,False
go-em2021-folgada,gco2_por_vm,follow_renewables,2.586817841303248,1.0,True
go-em2021-folgada,gco2_por_vm,followme_s,2.659805162875315,2.0,False
go-em2021-folgada,gco2_por_vm,lowest_carbon_dc,2.7904452365333476,4.0,False
go-em2021-folgada,gco2_por_vm,round_robin,31.346999024180292,11.0,False
go-em2021-folgada,gco2_por_vm,worst_fit,15.715198293079558,10.0,False
go-em2021-folgada,gco2_por_vm,wsnb,3.265365770879348,5.0,False
go-flat-alta,total_gco2,best_fit,68791.34783345669,10.0,False
go-flat-alta,total_gco2,bfd,68553.62309649143,7.0,False
go-flat-alta,total_gco2,cnemesis,68494.18953511515,2.0,False
go-flat-alta,total_gco2,ffd,68679.98494979856,9.0,False
go-flat-alta,total_gco2,first_fit,68505.67857755687,3.0,False
go-flat-alta,total_gco2,follow_renewables,68548.19813475943,5.0,False
go-flat-alta,total_gco2,followme_s,68229.8756643016,1.0,True
go-flat-alta,total_gco2,lowest_carbon_dc,68548.19813475943,5.0,False
go-flat-alta,total_gco2,round_robin,77321.86087244897,11.0,False
go-flat-alta,total_gco2,worst_fit,68630.22547676509,8.0,False
go-flat-alta,total_gco2,wsnb,68548.19813475943,5.0,False
go-flat-alta,total_kwh,best_fit,144.82389017569636,10.0,False
go-flat-alta,total_kwh,bfd,144.32341704524575,7.0,False
go-flat-alta,total_kwh,cnemesis,144.19829375813106,2.0,False
go-flat-alta,total_kwh,ffd,144.58944199957537,9.0,False
go-flat-alta,total_kwh,first_fit,144.22248121590204,3.0,False
go-flat-alta,total_kwh,follow_renewables,144.31199607317123,5.0,False
go-flat-alta,total_kwh,followme_s,143.64184350378827,1.0,True
go-flat-alta,total_kwh,lowest_carbon_dc,144.31199607317123,5.0,False
go-flat-alta,total_kwh,round_robin,162.78286499462834,11.0,False
go-flat-alta,total_kwh,worst_fit,144.48468521424155,8.0,False
go-flat-alta,total_kwh,wsnb,144.31199607317123,5.0,False
go-flat-alta,gco2_por_vm,best_fit,7.761464977783161,1.0,True
go-flat-alta,gco2_por_vm,bfd,8.291815953936876,10.0,False
go-flat-alta,gco2_por_vm,cnemesis,7.855411922948946,3.0,False
go-flat-alta,gco2_por_vm,ffd,7.986299720468256,9.0,False
go-flat-alta,gco2_por_vm,first_fit,7.894312862233091,8.0,False
go-flat-alta,gco2_por_vm,follow_renewables,7.8662967038258635,6.0,False
go-flat-alta,gco2_por_vm,followme_s,7.818715079666668,2.0,False
go-flat-alta,gco2_por_vm,lowest_carbon_dc,7.8662967038258635,6.0,False
go-flat-alta,gco2_por_vm,round_robin,8.695469586120543,11.0,False
go-flat-alta,gco2_por_vm,worst_fit,7.86551545276724,4.0,False
go-flat-alta,gco2_por_vm,wsnb,7.8662967038258635,6.0,False
go-flat-folgada,total_gco2,best_fit,19455.563317323384,9.0,False
go-flat-folgada,total_gco2,bfd,18941.171608221444,4.0,False
go-flat-folgada,total_gco2,cnemesis,18843.162630404877,3.0,False
go-flat-folgada,total_gco2,ffd,17507.922769883888,1.0,True
go-flat-folgada,total_gco2,first_fit,18976.94738550561,5.0,False
go-flat-folgada,total_gco2,follow_renewables,18989.90299547732,7.0,False
go-flat-folgada,total_gco2,followme_s,18439.903441442642,2.0,False
go-flat-folgada,total_gco2,lowest_carbon_dc,18989.90299547732,7.0,False
go-flat-folgada,total_gco2,round_robin,64954.77415735193,11.0,False
go-flat-folgada,total_gco2,worst_fit,32004.019769684888,10.0,False
go-flat-folgada,total_gco2,wsnb,18989.90299547732,7.0,False
go-flat-folgada,total_kwh,best_fit,40.95908066804803,9.0,False
go-flat-folgada,total_kwh,bfd,39.876150754149755,4.0,False
go-flat-folgada,total_kwh,cnemesis,39.669816064008806,3.0,False
go-flat-folgada,total_kwh,ffd,36.85878477870257,1.0,True
go-flat-folgada,total_kwh,first_fit,39.95146818000945,5.0,False
go-flat-folgada,total_kwh,follow_renewables,39.97874314837106,7.0,False
go-flat-folgada,total_kwh,followme_s,38.82084935040436,2.0,False
go-flat-folgada,total_kwh,lowest_carbon_dc,39.97874314837106,7.0,False
go-flat-folgada,total_kwh,round_robin,136.74689296283728,11.0,False
go-flat-folgada,total_kwh,worst_fit,67.37688372565422,10.0,False
go-flat-folgada,total_kwh,wsnb,39.97874314837106,7.0,False
go-flat-folgada,gco2_por_vm,best_fit,9.727781658661689,9.0,False
go-flat-folgada,gco2_por_vm,bfd,9.470585804110723,4.0,False
go-flat-folgada,gco2_por_vm,cnemesis,9.421581315202438,3.0,False
go-flat-folgada,gco2_por_vm,ffd,8.753961384941944,1.0,True
go-flat-folgada,gco2_por_vm,first_fit,9.488473692752807,5.0,False
go-flat-folgada,gco2_por_vm,follow_renewables,9.494951497738661,7.0,False
go-flat-folgada,gco2_por_vm,followme_s,9.219951720721319,2.0,False
go-flat-folgada,gco2_por_vm,lowest_carbon_dc,9.494951497738661,7.0,False
go-flat-folgada,gco2_por_vm,round_robin,32.5415128324654,11.0,False
go-flat-folgada,gco2_por_vm,worst_fit,16.206485047700493,10.0,False
go-flat-folgada,gco2_por_vm,wsnb,9.494951497738661,7.0,False
go-realjan-alta,total_gco2,best_fit,64420.19474526608,9.0,False
go-realjan-alta,total_gco2,bfd,64359.93756079306,8.0,False
go-realjan-alta,total_gco2,cnemesis,60858.381907628354,3.0,False
go-realjan-alta,total_gco2,ffd,63457.341086616034,7.0,False
go-realjan-alta,total_gco2,first_fit,63280.36251955381,6.0,False
go-realjan-alta,total_gco2,follow_renewables,59832.83513141541,1.0,True
go-realjan-alta,total_gco2,followme_s,60319.53925047605,2.0,False
go-realjan-alta,total_gco2,lowest_carbon_dc,61011.31702684962,4.0,False
go-realjan-alta,total_gco2,round_robin,74632.70405146664,11.0,False
go-realjan-alta,total_gco2,worst_fit,65541.58847940256,10.0,False
go-realjan-alta,total_gco2,wsnb,61017.5828091941,5.0,False
go-realjan-alta,total_kwh,best_fit,144.82389017569636,10.0,False
go-realjan-alta,total_kwh,bfd,144.32341704524575,7.0,False
go-realjan-alta,total_kwh,cnemesis,143.5943760887799,5.0,False
go-realjan-alta,total_kwh,ffd,144.58944199957537,9.0,False
go-realjan-alta,total_kwh,first_fit,144.22248121590204,6.0,False
go-realjan-alta,total_kwh,follow_renewables,142.2775147915426,1.0,True
go-realjan-alta,total_kwh,followme_s,142.72919967013215,2.0,False
go-realjan-alta,total_kwh,lowest_carbon_dc,143.5236125261903,4.0,False
go-realjan-alta,total_kwh,round_robin,162.78286499462834,11.0,False
go-realjan-alta,total_kwh,worst_fit,144.48468521424155,8.0,False
go-realjan-alta,total_kwh,wsnb,143.49483159242672,3.0,False
go-realjan-alta,gco2_por_vm,best_fit,7.2682723664024556,6.0,False
go-realjan-alta,gco2_por_vm,bfd,7.7845986294497225,10.0,False
go-realjan-alta,gco2_por_vm,cnemesis,6.861309340573665,2.0,False
go-realjan-alta,gco2_por_vm,ffd,7.378965911774633,8.0,False
go-realjan-alta,gco2_por_vm,first_fit,7.292163978189992,7.0,False
go-realjan-alta,gco2_por_vm,follow_renewables,6.7487142259891835,1.0,True
go-realjan-alta,gco2_por_vm,followme_s,6.906586032124975,3.0,False
go-realjan-alta,gco2_por_vm,lowest_carbon_dc,6.998438584572776,5.0,False
go-realjan-alta,gco2_por_vm,round_robin,8.393051943535628,11.0,False
go-realjan-alta,gco2_por_vm,worst_fit,7.511540101758402,9.0,False
go-realjan-alta,gco2_por_vm,wsnb,6.994673519834067,4.0,False
go-realjan-folgada,total_gco2,best_fit,14195.119453827007,9.0,False
go-realjan-folgada,total_gco2,bfd,13734.262990560612,8.0,False
go-realjan-folgada,total_gco2,cnemesis,4130.321273487502,2.0,False
go-realjan-folgada,total_gco2,ffd,11821.547658019803,6.0,False
go-realjan-folgada,total_gco2,first_fit,12627.76269619528,7.0,False
go-realjan-folgada,total_gco2,follow_renewables,4205.889181749452,3.5,False
go-realjan-folgada,total_gco2,followme_s,4020.483767929741,1.0,True
go-realjan-folgada,total_gco2,lowest_carbon_dc,4205.889181749452,3.5,False
go-realjan-folgada,total_gco2,round_robin,61148.64730069583,11.0,False
go-realjan-folgada,total_gco2,worst_fit,30775.24040818661,10.0,False
go-realjan-folgada,total_gco2,wsnb,6246.018812803176,5.0,False
go-realjan-folgada,total_kwh,best_fit,40.95908066804803,9.0,False
go-realjan-folgada,total_kwh,bfd,39.876150754149755,7.0,False
go-realjan-folgada,total_kwh,cnemesis,34.871760530757385,2.0,False
go-realjan-folgada,total_kwh,ffd,36.85878477870257,5.0,False
go-realjan-folgada,total_kwh,first_fit,39.95146818000945,8.0,False
go-realjan-folgada,total_kwh,follow_renewables,35.18184796235631,3.5,False
go-realjan-folgada,total_kwh,followme_s,34.12719886084999,1.0,True
go-realjan-folgada,total_kwh,lowest_carbon_dc,35.18184796235631,3.5,False
go-realjan-folgada,total_kwh,round_robin,136.74689296283728,11.0,False
go-realjan-folgada,total_kwh,worst_fit,67.37688372565422,10.0,False
go-realjan-folgada,total_kwh,wsnb,38.43173740840465,6.0,False
go-realjan-folgada,gco2_por_vm,best_fit,7.097559726913502,9.0,False
go-realjan-folgada,gco2_por_vm,bfd,6.867131495280305,8.0,False
go-realjan-folgada,gco2_por_vm,cnemesis,2.0651606367437516,2.0,False
go-realjan-folgada,gco2_por_vm,ffd,5.910773829009901,6.0,False
go-realjan-folgada,gco2_por_vm,first_fit,6.313881348097638,7.0,False
go-realjan-folgada,gco2_por_vm,follow_renewables,2.1029445908747264,3.5,False
go-realjan-folgada,gco2_por_vm,followme_s,2.010241883964871,1.0,True
go-realjan-folgada,gco2_por_vm,lowest_carbon_dc,2.1029445908747264,3.5,False
go-realjan-folgada,gco2_por_vm,round_robin,30.634611185936425,11.0,False
go-realjan-folgada,gco2_por_vm,worst_fit,15.584245379666092,10.0,False
go-realjan-folgada,gco2_por_vm,wsnb,3.1230094064015876,5.0,False
go-realjun-alta,total_gco2,best_fit,64420.19474526608,9.0,False
go-realjun-alta,total_gco2,bfd,64359.93756079306,8.0,False
go-realjun-alta,total_gco2,cnemesis,60858.381907628354,3.0,False
go-realjun-alta,total_gco2,ffd,63457.341086616034,7.0,False
go-realjun-alta,total_gco2,first_fit,63280.36251955381,6.0,False
go-realjun-alta,total_gco2,follow_renewables,59832.83513141541,1.0,True
go-realjun-alta,total_gco2,followme_s,60319.53925047605,2.0,False
go-realjun-alta,total_gco2,lowest_carbon_dc,61011.31702684962,4.0,False
go-realjun-alta,total_gco2,round_robin,74632.70405146664,11.0,False
go-realjun-alta,total_gco2,worst_fit,65541.58847940256,10.0,False
go-realjun-alta,total_gco2,wsnb,61017.5828091941,5.0,False
go-realjun-alta,total_kwh,best_fit,144.82389017569636,10.0,False
go-realjun-alta,total_kwh,bfd,144.32341704524575,7.0,False
go-realjun-alta,total_kwh,cnemesis,143.5943760887799,5.0,False
go-realjun-alta,total_kwh,ffd,144.58944199957537,9.0,False
go-realjun-alta,total_kwh,first_fit,144.22248121590204,6.0,False
go-realjun-alta,total_kwh,follow_renewables,142.2775147915426,1.0,True
go-realjun-alta,total_kwh,followme_s,142.72919967013215,2.0,False
go-realjun-alta,total_kwh,lowest_carbon_dc,143.5236125261903,4.0,False
go-realjun-alta,total_kwh,round_robin,162.78286499462834,11.0,False
go-realjun-alta,total_kwh,worst_fit,144.48468521424155,8.0,False
go-realjun-alta,total_kwh,wsnb,143.49483159242672,3.0,False
go-realjun-alta,gco2_por_vm,best_fit,7.2682723664024556,6.0,False
go-realjun-alta,gco2_por_vm,bfd,7.7845986294497225,10.0,False
go-realjun-alta,gco2_por_vm,cnemesis,6.861309340573665,2.0,False
go-realjun-alta,gco2_por_vm,ffd,7.378965911774633,8.0,False
go-realjun-alta,gco2_por_vm,first_fit,7.292163978189992,7.0,False
go-realjun-alta,gco2_por_vm,follow_renewables,6.7487142259891835,1.0,True
go-realjun-alta,gco2_por_vm,followme_s,6.906586032124975,3.0,False
go-realjun-alta,gco2_por_vm,lowest_carbon_dc,6.998438584572776,5.0,False
go-realjun-alta,gco2_por_vm,round_robin,8.393051943535628,11.0,False
go-realjun-alta,gco2_por_vm,worst_fit,7.511540101758402,9.0,False
go-realjun-alta,gco2_por_vm,wsnb,6.994673519834067,4.0,False
go-realjun-folgada,total_gco2,best_fit,14195.119453827007,9.0,False
go-realjun-folgada,total_gco2,bfd,13734.262990560612,8.0,False
go-realjun-folgada,total_gco2,cnemesis,4130.321273487502,2.0,False
go-realjun-folgada,total_gco2,ffd,11821.547658019803,6.0,False
go-realjun-folgada,total_gco2,first_fit,12627.76269619528,7.0,False
go-realjun-folgada,total_gco2,follow_renewables,4205.889181749452,3.5,False
go-realjun-folgada,total_gco2,followme_s,4020.483767929741,1.0,True
go-realjun-folgada,total_gco2,lowest_carbon_dc,4205.889181749452,3.5,False
go-realjun-folgada,total_gco2,round_robin,61148.64730069583,11.0,False
go-realjun-folgada,total_gco2,worst_fit,30775.24040818661,10.0,False
go-realjun-folgada,total_gco2,wsnb,6246.018812803176,5.0,False
go-realjun-folgada,total_kwh,best_fit,40.95908066804803,9.0,False
go-realjun-folgada,total_kwh,bfd,39.876150754149755,7.0,False
go-realjun-folgada,total_kwh,cnemesis,34.871760530757385,2.0,False
go-realjun-folgada,total_kwh,ffd,36.85878477870257,5.0,False
go-realjun-folgada,total_kwh,first_fit,39.95146818000945,8.0,False
go-realjun-folgada,total_kwh,follow_renewables,35.18184796235631,3.5,False
go-realjun-folgada,total_kwh,followme_s,34.12719886084999,1.0,True
go-realjun-folgada,total_kwh,lowest_carbon_dc,35.18184796235631,3.5,False
go-realjun-folgada,total_kwh,round_robin,136.74689296283728,11.0,False
go-realjun-folgada,total_kwh,worst_fit,67.37688372565422,10.0,False
go-realjun-folgada,total_kwh,wsnb,38.43173740840465,6.0,False
go-realjun-folgada,gco2_por_vm,best_fit,7.097559726913502,9.0,False
go-realjun-folgada,gco2_por_vm,bfd,6.867131495280305,8.0,False
go-realjun-folgada,gco2_por_vm,cnemesis,2.0651606367437516,2.0,False
go-realjun-folgada,gco2_por_vm,ffd,5.910773829009901,6.0,False
go-realjun-folgada,gco2_por_vm,first_fit,6.313881348097638,7.0,False
go-realjun-folgada,gco2_por_vm,follow_renewables,2.1029445908747264,3.5,False
go-realjun-folgada,gco2_por_vm,followme_s,2.010241883964871,1.0,True
go-realjun-folgada,gco2_por_vm,lowest_carbon_dc,2.1029445908747264,3.5,False
go-realjun-folgada,gco2_por_vm,round_robin,30.634611185936425,11.0,False
go-realjun-folgada,gco2_por_vm,worst_fit,15.584245379666092,10.0,False
go-realjun-folgada,gco2_por_vm,wsnb,3.1230094064015876,5.0,False
hetcap-az-anticorr-folgada,total_gco2,best_fit,10935.652654607371,8.0,False
hetcap-az-anticorr-folgada,total_gco2,bfd,13105.532649406316,9.0,False
hetcap-az-anticorr-folgada,total_gco2,cnemesis,5023.0334746731405,2.0,False
hetcap-az-anticorr-folgada,total_gco2,ffd,8632.768192838248,7.0,False
hetcap-az-anticorr-folgada,total_gco2,first_fit,8138.700769281639,6.0,False
hetcap-az-anticorr-folgada,total_gco2,follow_renewables,5435.507255502927,3.5,False
hetcap-az-anticorr-folgada,total_gco2,followme_s,4727.606326432779,1.0,True
hetcap-az-anticorr-folgada,total_gco2,lowest_carbon_dc,5435.507255502927,3.5,False
hetcap-az-anticorr-folgada,total_gco2,round_robin,38445.558268840025,11.0,False
hetcap-az-anticorr-folgada,total_gco2,worst_fit,18162.190850649156,10.0,False
hetcap-az-anticorr-folgada,total_gco2,wsnb,6164.77560484793,5.0,False
hetcap-az-anticorr-folgada,total_kwh,best_fit,45.839517553113396,5.0,False
hetcap-az-anticorr-folgada,total_kwh,bfd,48.196984889256086,9.0,False
hetcap-az-anticorr-folgada,total_kwh,cnemesis,45.521488698041814,4.0,False
hetcap-az-anticorr-folgada,total_kwh,ffd,45.918667505228136,6.0,False
hetcap-az-anticorr-folgada,total_kwh,first_fit,45.447336225021026,3.0,False
hetcap-az-anticorr-folgada,total_kwh,follow_renewables,47.05112286939574,7.5,False
hetcap-az-anticorr-folgada,total_kwh,followme_s,45.285024352539395,2.0,False
hetcap-az-anticorr-folgada,total_kwh,lowest_carbon_dc,47.05112286939574,7.5,False
hetcap-az-anticorr-folgada,total_kwh,round_robin,133.22764212120686,11.0,False
hetcap-az-anticorr-folgada,total_kwh,worst_fit,62.11841348684921,10.0,False
hetcap-az-anticorr-folgada,total_kwh,wsnb,45.265874440709965,1.0,True
hetcap-az-anticorr-folgada,gco2_por_vm,best_fit,5.467826327303687,8.0,False
hetcap-az-anticorr-folgada,gco2_por_vm,bfd,6.552766324703159,9.0,False
hetcap-az-anticorr-folgada,gco2_por_vm,cnemesis,2.5115167373365708,2.0,False
hetcap-az-anticorr-folgada,gco2_por_vm,ffd,4.3163840964191245,7.0,False
hetcap-az-anticorr-folgada,gco2_por_vm,first_fit,4.069350384640819,6.0,False
hetcap-az-anticorr-folgada,gco2_por_vm,follow_renewables,2.717753627751464,3.5,False
hetcap-az-anticorr-folgada,gco2_por_vm,followme_s,2.3638031632163896,1.0,True
hetcap-az-anticorr-folgada,gco2_por_vm,lowest_carbon_dc,2.717753627751464,3.5,False
hetcap-az-anticorr-folgada,gco2_por_vm,round_robin,19.222779134420012,11.0,False
hetcap-az-anticorr-folgada,gco2_por_vm,worst_fit,9.081095425324577,10.0,False
hetcap-az-anticorr-folgada,gco2_por_vm,wsnb,3.082387802423965,5.0,False
hetcap-az-realjun-folgada,total_gco2,best_fit,25000.59989161952,8.0,False
hetcap-az-realjun-folgada,total_gco2,bfd,25831.36496003056,9.0,False
hetcap-az-realjun-folgada,total_gco2,cnemesis,10174.372156300009,2.0,False
hetcap-az-realjun-folgada,total_gco2,ffd,14776.3856691934,7.0,False
hetcap-az-realjun-folgada,total_gco2,first_fit,14574.906950454813,6.0,False
hetcap-az-realjun-folgada,total_gco2,follow_renewables,9571.145362569714,1.0,True
hetcap-az-realjun-folgada,total_gco2,followme_s,10393.67416534137,3.0,False
hetcap-az-realjun-folgada,total_gco2,lowest_carbon_dc,12046.527255798124,5.0,False
hetcap-az-realjun-folgada,total_gco2,round_robin,74719.47267293613,11.0,False
hetcap-az-realjun-folgada,total_gco2,worst_fit,32806.40410467381,10.0,False
hetcap-az-realjun-folgada,total_gco2,wsnb,11369.53108048137,4.0,False
hetcap-az-realjun-folgada,total_kwh,best_fit,45.839517553113396,7.0,False
hetcap-az-realjun-folgada,total_kwh,bfd,48.196984889256086,9.0,False
hetcap-az-realjun-folgada,total_kwh,cnemesis,41.26844824176581,3.0,False
hetcap-az-realjun-folgada,total_kwh,ffd,45.918667505228136,8.0,False
hetcap-az-realjun-folgada,total_kwh,first_fit,45.447336225021026,5.0,False
hetcap-az-realjun-folgada,total_kwh,follow_renewables,40.60527903829673,1.0,True
hetcap-az-realjun-folgada,total_kwh,followme_s,40.65074239937969,2.0,False
hetcap-az-realjun-folgada,total_kwh,lowest_carbon_dc,45.720169704955936,6.0,False
hetcap-az-realjun-folgada,total_kwh,round_robin,133.22764212120686,11.0,False
hetcap-az-realjun-folgada,total_kwh,worst_fit,62.11841348684921,10.0,False
hetcap-az-realjun-folgada,total_kwh,wsnb,44.12684368242153,4.0,False
hetcap-az-realjun-folgada,gco2_por_vm,best_fit,12.500299945809758,8.0,False
hetcap-az-realjun-folgada,gco2_por_vm,bfd,12.915682480015281,9.0,False
hetcap-az-realjun-folgada,gco2_por_vm,cnemesis,5.087186078150005,2.0,False
hetcap-az-realjun-folgada,gco2_por_vm,ffd,7.388192834596701,7.0,False
hetcap-az-realjun-folgada,gco2_por_vm,first_fit,7.287453475227406,6.0,False
hetcap-az-realjun-folgada,gco2_por_vm,follow_renewables,4.785572681284856,1.0,True
hetcap-az-realjun-folgada,gco2_por_vm,followme_s,5.196837082670686,3.0,False
hetcap-az-realjun-folgada,gco2_por_vm,lowest_carbon_dc,6.023263627899062,5.0,False
hetcap-az-realjun-folgada,gco2_por_vm,round_robin,37.35973633646806,11.0,False
hetcap-az-realjun-folgada,gco2_por_vm,worst_fit,16.403202052336905,10.0,False
hetcap-az-realjun-folgada,gco2_por_vm,wsnb,5.684765540240686,4.0,False
net100-az-anticorr-folgada,total_gco2,best_fit,13049.183830532324,8.0,False
net100-az-anticorr-folgada,total_gco2,bfd,15361.808411519287,9.0,False
net100-az-anticorr-folgada,total_gco2,cnemesis,5938.538209560083,1.0,True
net100-az-anticorr-folgada,total_gco2,ffd,9888.305732569288,7.0,False
net100-az-anticorr-folgada,total_gco2,first_fit,8837.455271816489,6.0,False
net100-az-anticorr-folgada,total_gco2,follow_renewables,6395.912470034652,3.5,False
net100-az-anticorr-folgada,total_gco2,followme_s,6423.032698078395,5.0,False
net100-az-anticorr-folgada,total_gco2,lowest_carbon_dc,6395.912470034652,3.5,False
net100-az-anticorr-folgada,total_gco2,round_robin,46453.0555488112,11.0,False
net100-az-anticorr-folgada,total_gco2,worst_fit,21392.181819788024,10.0,False
net100-az-anticorr-folgada,total_gco2,wsnb,6199.575228060355,2.0,False
net100-az-anticorr-folgada,total_kwh,best_fit,45.226224498907854,2.0,False
net100-az-anticorr-folgada,total_kwh,bfd,47.46244301485055,6.0,False
net100-az-anticorr-folgada,total_kwh,cnemesis,46.48804210390292,5.0,False
net100-az-anticorr-folgada,total_kwh,ffd,46.316375360317934,4.0,False
net100-az-anticorr-folgada,total_kwh,first_fit,44.85287134346774,1.0,True
net100-az-anticorr-folgada,total_kwh,follow_renewables,47.78705317227259,7.5,False
net100-az-anticorr-folgada,total_kwh,followme_s,48.69659273144021,9.0,False
net100-az-anticorr-folgada,total_kwh,lowest_carbon_dc,47.78705317227259,7.5,False
net100-az-anticorr-folgada,total_kwh,round_robin,131.70635401233807,11.0,False
net100-az-anticorr-folgada,total_kwh,worst_fit,61.25013071388287,10.0,False
net100-az-anticorr-folgada,total_kwh,wsnb,45.43142904662344,3.0,False
net100-az-anticorr-folgada,gco2_por_vm,best_fit,6.524591915266162,8.0,False
net100-az-anticorr-folgada,gco2_por_vm,bfd,7.680904205759641,9.0,False
net100-az-anticorr-folgada,gco2_por_vm,cnemesis,2.9692691047800412,1.0,True
net100-az-anticorr-folgada,gco2_por_vm,ffd,4.944152866284644,7.0,False
net100-az-anticorr-folgada,gco2_por_vm,first_fit,4.418727635908243,6.0,False
net100-az-anticorr-folgada,gco2_por_vm,follow_renewables,3.197956235017326,3.5,False
net100-az-anticorr-folgada,gco2_por_vm,followme_s,3.211516349039197,5.0,False
net100-az-anticorr-folgada,gco2_por_vm,lowest_carbon_dc,3.197956235017326,3.5,False
net100-az-anticorr-folgada,gco2_por_vm,round_robin,23.2265277744056,11.0,False
net100-az-anticorr-folgada,gco2_por_vm,worst_fit,10.696090909894009,10.0,False
net100-az-anticorr-folgada,gco2_por_vm,wsnb,3.099787614030177,2.0,False
net100-az-realjun-alta,total_gco2,best_fit,64815.76100362529,8.0,False
net100-az-realjun-alta,total_gco2,bfd,65171.80039849169,9.0,False
net100-az-realjun-alta,total_gco2,cnemesis,60477.51324078724,3.0,False
net100-az-realjun-alta,total_gco2,ffd,63494.373978736345,7.0,False
net100-az-realjun-alta,total_gco2,first_fit,63480.53819090723,6.0,False
net100-az-realjun-alta,total_gco2,follow_renewables,60435.14621469866,2.0,False
net100-az-realjun-alta,total_gco2,followme_s,60406.54506386982,1.0,True
net100-az-realjun-alta,total_gco2,lowest_carbon_dc,60493.57727157542,4.0,False
net100-az-realjun-alta,total_gco2,round_robin,73041.76603369354,11.0,False
net100-az-realjun-alta,total_gco2,worst_fit,68706.41515787634,10.0,False
net100-az-realjun-alta,total_gco2,wsnb,60501.99195909782,5.0,False
net100-az-realjun-alta,total_kwh,best_fit,144.24698152580717,7.0,False
net100-az-realjun-alta,total_kwh,bfd,145.10754758117437,9.0,False
net100-az-realjun-alta,total_kwh,cnemesis,143.69803176276622,4.0,False
net100-az-realjun-alta,total_kwh,ffd,144.56871460055956,8.0,False
net100-az-realjun-alta,total_kwh,first_fit,144.2254330196693,6.0,False
net100-az-realjun-alta,total_kwh,follow_renewables,143.80946668800158,5.0,False
net100-az-realjun-alta,total_kwh,followme_s,143.57424993616652,1.0,True
net100-az-realjun-alta,total_kwh,lowest_carbon_dc,143.67755110499616,3.0,False
net100-az-realjun-alta,total_kwh,round_robin,159.3189778807632,11.0,False
net100-az-realjun-alta,total_kwh,worst_fit,150.83172954546532,10.0,False
net100-az-realjun-alta,total_kwh,wsnb,143.63358171701026,2.0,False
net100-az-realjun-alta,gco2_por_vm,best_fit,6.7862087514169644,8.0,False
net100-az-realjun-alta,gco2_por_vm,bfd,6.873880850503452,9.0,False
net100-az-realjun-alta,gco2_por_vm,cnemesis,6.287710008953953,2.0,False
net100-az-realjun-alta,gco2_por_vm,ffd,6.69645334248234,7.0,False
net100-az-realjun-alta,gco2_por_vm,first_fit,6.635850468213869,6.0,False
net100-az-realjun-alta,gco2_por_vm,follow_renewables,6.270962926272075,1.0,True
net100-az-realjun-alta,gco2_por_vm,followme_s,6.302282301686648,3.0,False
net100-az-realjun-alta,gco2_por_vm,lowest_carbon_dc,6.324680993825259,5.0,False
net100-az-realjun-alta,gco2_por_vm,round_robin,7.574126264201643,11.0,False
net100-az-realjun-alta,gco2_por_vm,worst_fit,7.11407454278869,10.0,False
net100-az-realjun-alta,gco2_por_vm,wsnb,6.322146619064327,4.0,False
net100-az-realjun-folgada,total_gco2,best_fit,21480.1861836883,8.0,False
net100-az-realjun-folgada,total_gco2,bfd,21495.782966407878,9.0,False
net100-az-realjun-folgada,total_gco2,cnemesis,5644.247890579317,1.0,True
net100-az-realjun-folgada,total_gco2,ffd,13061.832981948497,7.0,False
net100-az-realjun-folgada,total_gco2,first_fit,13029.735543545552,6.0,False
net100-az-realjun-folgada,total_gco2,follow_renewables,5977.228299736213,3.5,False
net100-az-realjun-folgada,total_gco2,followme_s,5974.6797105925125,2.0,False
net100-az-realjun-folgada,total_gco2,lowest_carbon_dc,5977.228299736213,3.5,False
net100-az-realjun-folgada,total_gco2,round_robin,60715.64624194981,11.0,False
net100-az-realjun-folgada,total_gco2,worst_fit,27705.13622800748,10.0,False
net100-az-realjun-folgada,total_gco2,wsnb,6481.3812296266005,5.0,False
net100-az-realjun-folgada,total_kwh,best_fit,45.226224498907854,7.0,False
net100-az-realjun-folgada,total_kwh,bfd,47.46244301485055,9.0,False
net100-az-realjun-folgada,total_kwh,cnemesis,41.71570155635415,1.0,True
net100-az-realjun-folgada,total_kwh,ffd,46.316375360317934,8.0,False
net100-az-realjun-folgada,total_kwh,first_fit,44.85287134346774,6.0,False
net100-az-realjun-folgada,total_kwh,follow_renewables,43.01935194996799,4.5,False
net100-az-realjun-folgada,total_kwh,followme_s,43.0044046414495,3.0,False
net100-az-realjun-folgada,total_kwh,lowest_carbon_dc,43.01935194996799,4.5,False
net100-az-realjun-folgada,total_kwh,round_robin,131.70635401233807,11.0,False
net100-az-realjun-folgada,total_kwh,worst_fit,61.25013071388287,10.0,False
net100-az-realjun-folgada,total_kwh,wsnb,42.51741460265501,2.0,False
net100-az-realjun-folgada,gco2_por_vm,best_fit,10.74009309184415,8.0,False
net100-az-realjun-folgada,gco2_por_vm,bfd,10.74789148320394,9.0,False
net100-az-realjun-folgada,gco2_por_vm,cnemesis,2.822123945289659,1.0,True
net100-az-realjun-folgada,gco2_por_vm,ffd,6.530916490974247,7.0,False
net100-az-realjun-folgada,gco2_por_vm,first_fit,6.514867771772775,6.0,False
net100-az-realjun-folgada,gco2_por_vm,follow_renewables,2.988614149868106,3.5,False
net100-az-realjun-folgada,gco2_por_vm,followme_s,2.9873398552962565,2.0,False
net100-az-realjun-folgada,gco2_por_vm,lowest_carbon_dc,2.988614149868106,3.5,False
net100-az-realjun-folgada,gco2_por_vm,round_robin,30.357823120974906,11.0,False
net100-az-realjun-folgada,gco2_por_vm,worst_fit,13.85256811400374,10.0,False
net100-az-realjun-folgada,gco2_por_vm,wsnb,3.2406906148132997,5.0,False
net100-go-realjun-folgada,total_gco2,best_fit,14153.726312625507,9.0,False
net100-go-realjun-folgada,total_gco2,bfd,13745.818308752656,8.0,False
net100-go-realjun-folgada,total_gco2,cnemesis,4120.808194978862,2.0,False
net100-go-realjun-folgada,total_gco2,ffd,11826.976639004086,6.0,False
net100-go-realjun-folgada,total_gco2,first_fit,12752.560193345289,7.0,False
net100-go-realjun-folgada,total_gco2,follow_renewables,4198.909841656188,3.5,False
net100-go-realjun-folgada,total_gco2,followme_s,4063.17944123653,1.0,True
net100-go-realjun-folgada,total_gco2,lowest_carbon_dc,4198.909841656188,3.5,False
net100-go-realjun-folgada,total_gco2,round_robin,61261.85625871761,11.0,False
net100-go-realjun-folgada,total_gco2,worst_fit,30672.670782050496,10.0,False
net100-go-realjun-folgada,total_gco2,wsnb,6255.974624788089,5.0,False
net100-go-realjun-folgada,total_kwh,best_fit,40.95371863546452,9.0,False
net100-go-realjun-folgada,total_kwh,bfd,39.96818084836961,8.0,False
net100-go-realjun-folgada,total_kwh,cnemesis,34.683580926713965,2.0,False
net100-go-realjun-folgada,total_kwh,ffd,36.77029564280578,5.0,False
net100-go-realjun-folgada,total_kwh,first_fit,39.892314718053164,7.0,False
net100-go-realjun-folgada,total_kwh,follow_renewables,35.076771667632116,3.5,False
net100-go-realjun-folgada,total_kwh,followme_s,34.38153429124671,1.0,True
net100-go-realjun-folgada,total_kwh,lowest_carbon_dc,35.076771667632116,3.5,False
net100-go-realjun-folgada,total_kwh,round_robin,137.04333558455423,11.0,False
net100-go-realjun-folgada,total_kwh,worst_fit,67.28523683733385,10.0,False
net100-go-realjun-folgada,total_kwh,wsnb,38.533847684598896,6.0,False
net100-go-realjun-folgada,gco2_por_vm,best_fit,7.076863156312754,9.0,False
net100-go-realjun-folgada,gco2_por_vm,bfd,6.872909154376328,8.0,False
net100-go-realjun-folgada,gco2_por_vm,cnemesis,2.060404097489431,2.0,False
net100-go-realjun-folgada,gco2_por_vm,ffd,5.913488319502042,6.0,False
net100-go-realjun-folgada,gco2_por_vm,first_fit,6.3762800966726445,7.0,False
net100-go-realjun-folgada,gco2_por_vm,follow_renewables,2.0994549208280944,3.5,False
net100-go-realjun-folgada,gco2_por_vm,followme_s,2.031589720618265,1.0,True
net100-go-realjun-folgada,gco2_por_vm,lowest_carbon_dc,2.0994549208280944,3.5,False
net100-go-realjun-folgada,gco2_por_vm,round_robin,30.697003392126106,11.0,False
net100-go-realjun-folgada,gco2_por_vm,worst_fit,15.53125250471245,10.0,False
net100-go-realjun-folgada,gco2_por_vm,wsnb,3.127987312394045,5.0,False
pue-az-realjun-folgada,total_gco2,best_fit,18951.334342063354,8.0,False
pue-az-realjun-folgada,total_gco2,bfd,19054.38974055942,9.0,False
pue-az-realjun-folgada,total_gco2,cnemesis,6089.797895510827,2.0,False
pue-az-realjun-folgada,total_gco2,ffd,12095.921259942284,7.0,False
pue-az-realjun-folgada,total_gco2,first_fit,12024.11825546905,6.0,False
pue-az-realjun-folgada,total_gco2,follow_renewables,6411.520959874162,3.5,False
pue-az-realjun-folgada,total_gco2,followme_s,5837.89678626827,1.0,True
pue-az-realjun-folgada,total_gco2,lowest_carbon_dc,6411.520959874162,3.5,False
pue-az-realjun-folgada,total_gco2,round_robin,54098.69111829789,11.0,False
pue-az-realjun-folgada,total_gco2,worst_fit,24800.210801089666,10.0,False
pue-az-realjun-folgada,total_gco2,wsnb,6974.50308376803,5.0,False
pue-az-realjun-folgada,total_kwh,best_fit,42.311069853281325,1.0,True
pue-az-realjun-folgada,total_kwh,bfd,45.275540814319946,3.0,False
pue-az-realjun-folgada,total_kwh,cnemesis,48.656638104728856,6.0,False
pue-az-realjun-folgada,total_kwh,ffd,46.00779481242795,4.0,False
pue-az-realjun-folgada,total_kwh,first_fit,44.090970909089904,2.0,False
pue-az-realjun-folgada,total_kwh,follow_renewables,49.916214908523024,8.5,False
pue-az-realjun-folgada,total_kwh,followme_s,46.190854168723156,5.0,False
pue-az-realjun-folgada,total_kwh,lowest_carbon_dc,49.916214908523024,8.5,False
pue-az-realjun-folgada,total_kwh,round_robin,128.07914769546036,11.0,False
pue-az-realjun-folgada,total_kwh,worst_fit,59.42573318661772,10.0,False
pue-az-realjun-folgada,total_kwh,wsnb,49.62684196221795,7.0,False
pue-az-realjun-folgada,gco2_por_vm,best_fit,9.475667171031679,8.0,False
pue-az-realjun-folgada,gco2_por_vm,bfd,9.527194870279711,9.0,False
pue-az-realjun-folgada,gco2_por_vm,cnemesis,3.044898947755414,2.0,False
pue-az-realjun-folgada,gco2_por_vm,ffd,6.047960629971143,7.0,False
pue-az-realjun-folgada,gco2_por_vm,first_fit,6.012059127734526,6.0,False
pue-az-realjun-folgada,gco2_por_vm,follow_renewables,3.205760479937081,3.5,False
pue-az-realjun-folgada,gco2_por_vm,followme_s,2.918948393134136,1.0,True
pue-az-realjun-folgada,gco2_por_vm,lowest_carbon_dc,3.205760479937081,3.5,False
pue-az-realjun-folgada,gco2_por_vm,round_robin,27.049345559148946,11.0,False
pue-az-realjun-folgada,gco2_por_vm,worst_fit,12.400105400544835,10.0,False
pue-az-realjun-folgada,gco2_por_vm,wsnb,3.487251541884015,5.0,False
pue-go-realjun-folgada,total_gco2,best_fit,13064.203153180457,9.0,False
pue-go-realjun-folgada,total_gco2,bfd,12668.36088514159,8.0,False
pue-go-realjun-folgada,total_gco2,cnemesis,4580.928926598725,2.0,False
pue-go-realjun-folgada,total_gco2,ffd,10741.819953648037,6.0,False
pue-go-realjun-folgada,total_gco2,first_fit,11685.474851970834,7.0,False
pue-go-realjun-folgada,total_gco2,follow_renewables,4660.618364694556,3.5,False
pue-go-realjun-folgada,total_gco2,followme_s,4487.505327990853,1.0,True
pue-go-realjun-folgada,total_gco2,lowest_carbon_dc,4660.618364694556,3.5,False
pue-go-realjun-folgada,total_gco2,round_robin,54786.61109561353,11.0,False
pue-go-realjun-folgada,total_gco2,worst_fit,27351.499103772676,10.0,False
pue-go-realjun-folgada,total_gco2,wsnb,6640.637430928482,5.0,False
pue-go-realjun-folgada,total_kwh,best_fit,39.42978038054663,4.0,False
pue-go-realjun-folgada,total_kwh,bfd,38.520286955204824,3.0,False
pue-go-realjun-folgada,total_kwh,cnemesis,41.380528062579074,6.0,False
pue-go-realjun-folgada,total_kwh,ffd,34.69063600321859,1.0,True
pue-go-realjun-folgada,total_kwh,first_fit,38.1159050993645,2.0,False
pue-go-realjun-folgada,total_kwh,follow_renewables,41.812089035495376,7.5,False
pue-go-realjun-folgada,total_kwh,followme_s,40.642828721082765,5.0,False
pue-go-realjun-folgada,total_kwh,lowest_carbon_dc,41.812089035495376,7.5,False
pue-go-realjun-folgada,total_kwh,round_robin,133.67126265340562,11.0,False
pue-go-realjun-folgada,total_kwh,worst_fit,65.4115969499226,10.0,False
pue-go-realjun-folgada,total_kwh,wsnb,44.446984936976826,9.0,False
pue-go-realjun-folgada,gco2_por_vm,best_fit,6.532101576590227,9.0,False
pue-go-realjun-folgada,gco2_por_vm,bfd,6.334180442570796,8.0,False
pue-go-realjun-folgada,gco2_por_vm,cnemesis,2.290464463299363,2.0,False
pue-go-realjun-folgada,gco2_por_vm,ffd,5.370909976824019,6.0,False
pue-go-realjun-folgada,gco2_por_vm,first_fit,5.842737425985417,7.0,False
pue-go-realjun-folgada,gco2_por_vm,follow_renewables,2.3303091823472775,3.5,False
pue-go-realjun-folgada,gco2_por_vm,followme_s,2.2437526639954264,1.0,True
pue-go-realjun-folgada,gco2_por_vm,lowest_carbon_dc,2.3303091823472775,3.5,False
pue-go-realjun-folgada,gco2_por_vm,round_robin,27.452403734838185,11.0,False
pue-go-realjun-folgada,gco2_por_vm,worst_fit,13.84956154844198,10.0,False
pue-go-realjun-folgada,gco2_por_vm,wsnb,3.3203187154642415,5.0,False
